task_id,candidate_id,method,product_id,audience_segment,headline,body,cta,visual_prompt,model_calls,latency_ms,axis_strategy,relevance,clarity,aesthetic,audience_fit,brand_safety,factuality_penalty,diversity,predicted_engagement,reward,axis_emotional_style,axis_appeal_type,axis_layout,axis_color_direction,axis_cta_type,axis_caption_length,axis_pain_point,axis_generated_image_path
T0001,eb32881644d9,B0_Template,P001_01,students,Portable Espresso Maker Lite for everyday use,Discover a consumer electronics option with compact.,Learn more,Clean product photo of Portable Espresso Maker Lite on a simple background,0,1,fixed_template,0.48,0.92,0.55,0.35,1.0,0.0,1.0,0.6302,0.657,,,,,,,,
T0001,972a2b8368ca,B1_SingleShot_API,P001_01,students,Compact & Rechargeable Espresso,"Perfect for small spaces, quick & easy.",Shop Now,"Warm neutral tones, minimalist design, portable espresso maker in action",4,3354,,0.74,0.78,0.8,0.4583,0.78,0.04,0.9048,0.733,0.6858,premium,value,minimal poster,warm neutral,Shop now,short,small dorm space,
T0001,9d45ab6e001e,B2_OpenSource_Only,P001_01,students,Compact Espresso for Busy Students,"Portable, rechargeable, quick & travel-friendly.",Learn more,Student sipping espresso on campus,3,2341,,0.87,0.78,0.65,0.4583,1.0,0.0,0.8413,0.7558,0.7514,warm,productivity,product-centered,high contrast,Learn more,short,busy schedule,
T0001,db9c686a0650,B3_PromptEngineered_AI,P001_01,students,Portable Espresso Maker Lite,"Compact, rechargeable, perfect for students on-the-go.",Compare options,Quickly brew espresso with ease.,4,2400,,0.74,0.92,0.65,0.35,0.78,0.04,0.8413,0.6978,0.6591,aspirational,convenience,product-centered,high contrast,Compare options,short,limited budget,
T0001,dcc2ab7dedf2,Ours_EAI_CO,P001_01,students,Compact & Rechargeable Espresso,"Travel-friendly, quick & fast charging for students.",Learn more,Portable espresso maker for students on-the-go,8,9598,,1.0,0.78,0.92,0.35,1.0,0.0,0.7692,0.836,0.8049,warm,value,minimal poster,clean bright,Learn more,short,limited budget,
T0001,1f4f794ed617,Ours_without_diversity,P001_01,students,Portable Espresso Maker for Students,"Compact, rechargeable, travel-friendly, quick & fast charging.",Compare Options,Explore portable espresso makers for a practical coffee solution.,8,9861,,1.0,0.92,0.82,0.35,1.0,0.0,0.0,0.8248,0.75,practical,family benefit,minimal poster,bold accent,Compare options,medium,limited budget,
T0001,084c201ec95a,Ours_without_factual_penalty,P001_01,students,Portable Espresso Maker Lite,"Compact, rechargeable, travel-friendly, quick extraction, fast charging - perfect for students on a budget.",Compare options,"Enjoy your favorite espresso anytime, anywhere with our ultimate portable espresso maker.",8,11487,,1.0,0.92,0.8,0.5667,0.78,0.0,0.8571,0.8244,0.8283,aspirational,family benefit,lifestyle scene,high contrast,Compare options,detailed,limited budget,
T0001,e5bc30e89950,Ours_without_iterative_loop,P001_01,students,Compact Espresso for Busy Students,"Portable, rechargeable, quick & travel-friendly.",Compare Options,Explore the Portable Espresso Maker Lite,4,4789,,0.87,0.78,0.77,0.4583,1.0,0.0,0.8571,0.7622,0.7705,premium,family benefit,product-centered,bold accent,Compare options,short,busy schedule,
T0001,e7261aa92032,Ours_without_audience_modeling,P001_01,general_consumers,Portable Espresso Maker Lite,"Compact, rechargeable, travel-friendly, quick extraction, fast charging.",Shop now,"A sleek, portable espresso maker on a countertop with a travel mug next to it.",8,10672,,1.0,0.92,0.8,0.35,1.0,0.0,0.6667,0.8704,0.8078,aspirational,productivity,minimal poster,high contrast,Shop now,detailed,unclear product value,
T0002,617e835dda77,B0_Template,P001_01,young_professionals,Portable Espresso Maker Lite for everyday use,Discover a consumer electronics option with compact.,Learn more,Clean product photo of Portable Espresso Maker Lite on a simple background,0,1,fixed_template,0.48,0.92,0.55,0.35,1.0,0.0,1.0,0.6302,0.657,,,,,,,,
T0002,567609a0d39b,B1_SingleShot_API,P001_01,young_professionals,Portable Espresso Maker Lite,"Compact, rechargeable, perfect for busy professionals on-the-go.",Try today,Quickly brew premium espresso in minutes.,4,2296,,0.74,0.92,0.65,0.35,0.78,0.04,0.8667,0.7278,0.666,premium,identity,product-centered,warm neutral,Try today,medium,time pressure,
T0002,bd755c442008,B2_OpenSource_Only,P001_01,young_professionals,Compact & Rechargeable Espresso Anywhere,"Quick brews, fast charge. Perfect for busy commuting.",Compare,Two friends enjoying espresso on a train,3,2577,,0.87,0.92,0.82,0.4583,0.78,0.04,0.8667,0.782,0.7418,playful,family benefit,minimal poster,bold accent,Compare options,detailed,commuting,
T0002,8f04dee3e642,B3_PromptEngineered_AI,P001_01,young_professionals,Compact & Rechargeable Espresso Anytime,"Travel-friendly design for quick, convenient coffee on-the-go.",Compare options,Explore portable espresso makers for busy professionals,4,2631,,0.87,0.92,0.77,0.4583,1.0,0.0,0.7778,0.793,0.7914,warm,identity,product-centered,bold accent,Compare options,medium,commuting,
T0002,e6b1442eee46,Ours_EAI_CO,P001_01,young_professionals,Portable Espresso for Busy Professionals,"Compact, rechargeable, travel-friendly, quick extraction, fast charging.",Learn more,"A young professional sipping espresso at a café, surrounded by clean, bright, modern office decor.",8,11047,,1.0,0.92,0.92,0.35,1.0,0.0,0.7692,0.8468,0.829,premium,identity,lifestyle scene,clean bright,Learn more,detailed,work-life balance,
T0002,6f02d8602353,Ours_without_diversity,P001_01,young_professionals,Compact & Rechargeable Espresso for Busy Professionals,"Portable Espresso Maker Lite for quick, travel-friendly coffee.",Learn More,A young professional sipping espresso on a train,8,10361,,0.87,0.92,0.82,0.35,1.0,0.0,0.0,0.791,0.7186,practical,family benefit,minimal poster,bold accent,Learn more,medium,commuting,
T0002,acc11f722c21,Ours_without_factual_penalty,P001_01,young_professionals,Portable Espresso Maker Lite,"Compact, rechargeable, travel-friendly. Quick extraction, fast charging.",Try today,Experience ultimate convenience for your busy life.,8,10507,,1.0,0.92,0.8,0.5667,0.78,0.0,0.9333,0.8744,0.8424,premium,value,minimal poster,warm neutral,Try today,medium,work-life balance,
T0002,67db7d24f5b4,Ours_without_iterative_loop,P001_01,young_professionals,Compact & Rechargeable Espresso for Busy Professionals,Portable Espresso Maker Lite saves time with quick extraction and fast charging.,Try Today,A young professional sipping espresso from a travel mug while typing on a laptop.,4,5702,,1.0,0.92,0.55,0.4583,1.0,0.0,0.6667,0.7784,0.7754,practical,identity,comparison layout,warm neutral,Try today,medium,time pressure,
T0002,e7261aa92032,Ours_without_audience_modeling,P001_01,general_consumers,Portable Espresso Maker Lite,"Compact, rechargeable, travel-friendly, quick extraction, fast charging.",Shop now,"A sleek, portable espresso maker on a countertop with a travel mug next to it.",8,10820,,1.0,0.92,0.8,0.35,1.0,0.0,0.6667,0.8704,0.8078,aspirational,productivity,minimal poster,high contrast,Shop now,detailed,unclear product value,
T0003,b5f76f2ce9f8,B0_Template,P001_01,family_users,Portable Espresso Maker Lite for everyday use,Discover a consumer electronics option with compact.,Learn more,Clean product photo of Portable Espresso Maker Lite on a simple background,0,1,fixed_template,0.48,0.92,0.55,0.4583,1.0,0.0,1.0,0.6432,0.6764,,,,,,,,
T0003,7bc485b6698d,B1_SingleShot_API,P001_01,family_users,Compact & Rechargeable Espresso for Busy Families,"Portable Espresso Maker Lite is perfect for travel and quick coffee. Compact, safe, and easy to use.",Shop Now,Compare features of our portable espresso makers with bold accents.,4,3047,,0.87,0.92,0.67,0.5667,0.78,0.04,0.7185,0.782,0.7263,practical,value,comparison layout,bold accent,Shop now,medium,safety concerns,
T0003,caf553581861,B2_OpenSource_Only,P001_01,family_users,Compact & Rechargeable Espresso for Anytime,"Travel-friendly, quick extraction, fast charging - perfect for family adventures.",Shop Now,Compare sizes of different espresso makers,3,2537,,1.0,0.92,0.77,0.5667,0.78,0.04,0.7185,0.8378,0.7752,warm,value,comparison layout,bold accent,Shop now,medium,safety concerns,
T0003,346c04756e4d,B3_PromptEngineered_AI,P001_01,family_users,Compact & Rechargeable Espresso for Any Adventure,"Experience premium espresso in minutes, perfect for family adventures.",Try Today,"Portable Espresso Maker Lite - Quick, Compact, and Travel-Friendly",4,2831,,0.87,0.92,0.65,0.4583,0.78,0.04,0.9556,0.7446,0.7191,premium,identity,product-centered,high contrast,Try today,detailed,limited time,
T0003,34b8521665fd,Ours_EAI_CO,P001_01,family_users,Compact & Rechargeable Espresso for Family,"Travel-friendly, quick extraction, fast charging for your family's coffee moments.",Shop Now,A warm neutral kitchen with a portable espresso maker on a countertop next to a family enjoying coffee together,8,10774,,1.0,0.92,0.8,0.4583,1.0,0.0,0.9333,0.8334,0.8405,premium,family benefit,lifestyle scene,warm neutral,Shop now,detailed,limited time,
T0003,0d8520aae050,Ours_without_diversity,P001_01,family_users,Portable Espresso Maker Lite,"Compact, rechargeable, travel-friendly, quick extraction, fast charging.",Shop now,"Enjoy your espresso anytime, anywhere.",8,9824,,1.0,0.92,0.67,0.4583,1.0,0.0,0.0,0.8548,0.7511,practical,productivity,comparison layout,bold accent,Shop now,short,safety concerns,
T0003,37380a0f48c7,Ours_without_factual_penalty,P001_01,family_users,Portable Espresso Maker Lite,"Compact, rechargeable, travel-friendly. Quick extraction, fast charging.",Try today,"Experience the perfect cup of espresso anytime, anywhere.",8,10213,,1.0,0.92,0.8,0.4583,0.78,0.0,0.8571,0.8614,0.8169,warm,value,minimal poster,warm neutral,Try today,detailed,safety concerns,
T0003,974b1653a8ef,Ours_without_iterative_loop,P001_01,family_users,Compact & Rechargeable Espresso for Anytime,"Travel-friendly, quick extraction, fast charging - perfect for families.",Try Today,"A sleek, portable espresso maker on a countertop with a travel mug.",4,5879,,1.0,0.92,0.8,0.4583,0.78,0.04,0.8571,0.8114,0.7689,premium,identity,minimal poster,high contrast,Try today,medium,limited time,
T0003,e7261aa92032,Ours_without_audience_modeling,P001_01,general_consumers,Portable Espresso Maker Lite,"Compact, rechargeable, travel-friendly, quick extraction, fast charging.",Shop now,"A sleek, portable espresso maker on a countertop with a travel mug next to it.",8,10647,,1.0,0.92,0.8,0.35,1.0,0.0,0.6667,0.8704,0.8078,aspirational,productivity,minimal poster,high contrast,Shop now,detailed,unclear product value,
T0004,24266ae73d27,B0_Template,P001_01,price_sensitive_consumers,Portable Espresso Maker Lite for everyday use,Discover a consumer electronics option with compact.,Learn more,Clean product photo of Portable Espresso Maker Lite on a simple background,0,1,fixed_template,0.48,0.92,0.55,0.35,1.0,0.0,1.0,0.6302,0.657,,,,,,,,
T0004,27d73e79ccc1,B1_SingleShot_API,P001_01,price_sensitive_consumers,Compact & Rechargeable Espresso Anytime,"Portable, quick, and perfect for travel. Save on coffee costs.",Shop Now,Explore our portable espresso maker with high-contrast design.,4,2683,,0.87,0.92,0.65,0.35,0.78,0.04,0.9556,0.7316,0.6997,aspirational,convenience,product-centered,high contrast,Shop now,short,budget pressure,
T0004,465b86d7e881,B2_OpenSource_Only,P001_01,price_sensitive_consumers,Compact & Rechargeable Espresso Maker,"Travel-friendly, quick extraction, fast charging - perfect for busy families.",Compare options,Explore portable espresso makers with different features and prices.,3,2748,,1.0,0.92,0.65,0.35,0.78,0.04,0.9009,0.7654,0.7267,warm,family benefit,comparison layout,warm neutral,Compare options,detailed,risk avoidance,
T0004,50aa46f26449,B3_PromptEngineered_AI,P001_01,price_sensitive_consumers,Portable Espresso Maker Lite,"Compact, rechargeable, travel-friendly. Quick extraction, fast charging.",Learn more,Compare features with other espresso makers,4,2480,,1.0,0.92,0.77,0.35,1.0,0.0,0.9009,0.8138,0.8133,premium,identity,comparison layout,bold accent,Learn more,detailed,comparison shopping,
T0004,decb5fb3877b,Ours_EAI_CO,P001_01,price_sensitive_consumers,Portable Espresso Maker Lite,"Compact, rechargeable, travel-friendly, quick extraction, fast charging - perfect for budget-conscious coffee lovers.",Shop now,Compare features with other espresso makers,8,11846,,1.0,0.92,0.77,0.4583,0.78,0.04,0.6667,0.8348,0.7532,premium,family benefit,comparison layout,bold accent,Shop now,short,budget pressure,
T0004,b2500ea30d7f,Ours_without_diversity,P001_01,price_sensitive_consumers,Portable Espresso Maker Lite,"Compact, rechargeable, travel-friendly. Quick extraction, fast charging.",Shop now,Compare sizes of different espresso makers on a countertop,8,10858,,1.0,0.92,0.7,0.35,1.0,0.0,0.0,0.8284,0.7337,playful,family benefit,minimal poster,warm neutral,Shop now,detailed,comparison shopping,
T0004,20440705b92c,Ours_without_factual_penalty,P001_01,price_sensitive_consumers,Portable Espresso Maker Lite,"Compact, rechargeable, travel-friendly. Quick extraction, fast charging.",Learn more,Premium espresso on the go,8,10786,,1.0,0.92,0.8,0.35,1.0,0.0,0.7692,0.8204,0.808,premium,identity,lifestyle scene,high contrast,Learn more,short,risk avoidance,
T0004,2b86209fd87b,Ours_without_iterative_loop,P001_01,price_sensitive_consumers,Portable Espresso Maker Lite,"Compact, rechargeable, travel-friendly. Quick extraction, fast charging.",Shop now,Compare features with other espresso makers,4,5148,,1.0,0.92,0.7,0.35,1.0,0.0,0.6667,0.8484,0.7903,practical,value,minimal poster,high contrast,Shop now,short,comparison shopping,
T0004,e7261aa92032,Ours_without_audience_modeling,P001_01,general_consumers,Portable Espresso Maker Lite,"Compact, rechargeable, travel-friendly, quick extraction, fast charging.",Shop now,"A sleek, portable espresso maker on a countertop with a travel mug next to it.",8,10649,,1.0,0.92,0.8,0.35,1.0,0.0,0.6667,0.8704,0.8078,aspirational,productivity,minimal poster,high contrast,Shop now,detailed,unclear product value,
T0005,068f31f4ecbd,B0_Template,P001_02,students,Portable Espresso Maker Plus for everyday use,Discover a consumer electronics option with compact.,Learn more,Clean product photo of Portable Espresso Maker Plus on a simple background,0,1,fixed_template,0.48,0.92,0.55,0.35,1.0,0.0,1.0,0.6302,0.657,,,,,,,,
T0005,42f475e34383,B1_SingleShot_API,P001_02,students,Portable Espresso Maker Plus,"Compact, rechargeable, travel-friendly, quick extraction, travel case included.",Compare options,"Elevate your coffee game with a sleek, budget-friendly espresso maker.",4,2722,,1.0,0.92,0.92,0.5667,1.0,0.0,0.9302,0.8928,0.8839,warm,value,minimal poster,clean bright,Compare options,short,limited budget,
T0005,df574fb80ab7,B2_OpenSource_Only,P001_02,students,Portable Espresso for Busy Students,"Compact, rechargeable, quick extraction - perfect for busy schedules.",Try Today,Enjoy your favorite coffee on-the-go with our portable espresso maker.,3,2566,,0.74,0.92,0.65,0.4583,0.78,0.04,0.8009,0.7108,0.6753,premium,convenience,product-centered,high contrast,Try today,medium,limited budget,
T0005,63cd09f61ef6,B3_PromptEngineered_AI,P001_02,students,Compact Espresso Anywhere,Perfect for busy students on-the-go.,Shop Now,Portable espresso maker in travel case,4,2214,,0.74,0.78,0.55,0.4583,0.78,0.04,0.8263,0.658,0.6325,playful,convenience,product-centered,high contrast,Shop now,medium,busy schedule,
T0005,eb9dcaba7c1f,Ours_EAI_CO,P001_02,students,Portable Espresso for Students,"Compact, rechargeable, quick & travel-friendly.",Try today,Student enjoying espresso on campus,8,9074,,1.0,0.78,0.7,0.35,1.0,0.0,0.6667,0.7976,0.7597,practical,convenience,minimal poster,high contrast,Try today,short,limited budget,
T0005,c6330f0b3ef5,Ours_without_diversity,P001_02,students,Compact & Rechargeable Espresso for Students,"Portable Espresso Maker Plus - Quick, travel-friendly, budget-friendly.",Try Today,"Enjoy your espresso on-the-go with our compact, rechargeable maker.",8,9805,,1.0,0.92,0.55,0.5667,1.0,0.0,0.0,0.8114,0.7447,playful,productivity,product-centered,high contrast,Try today,detailed,limited budget,
T0005,b54cb0c03031,Ours_without_factual_penalty,P001_02,students,Portable Espresso Maker Plus,"Compact, rechargeable, travel-friendly. Quick extraction, travel case included.",Shop now,Elevate your coffee game with the ultimate portable espresso maker.,8,10240,,1.0,0.92,0.92,0.35,0.78,0.0,0.6667,0.8748,0.8033,warm,productivity,minimal poster,clean bright,Shop now,short,limited budget,
T0005,419c2b357911,Ours_without_iterative_loop,P001_02,students,Compact Espresso for Busy Students,"Portable, rechargeable, quick & travel-friendly.",Try Today,A student sipping espresso from a portable device in a busy library.,4,4912,,1.0,0.78,0.8,0.4583,1.0,0.0,0.7692,0.8226,0.8033,aspirational,productivity,minimal poster,high contrast,Try today,detailed,busy schedule,
T0005,e34555ef02e5,Ours_without_audience_modeling,P001_02,general_consumers,Portable Espresso Maker Plus,"Compact, rechargeable, and travel-friendly. Quick extraction with a travel case included.",Learn more,Compare features of our portable espresso maker,8,10536,,1.0,0.92,0.65,0.35,1.0,0.0,0.7692,0.8074,0.7849,premium,value,comparison layout,high contrast,Learn more,short,unclear product value,
T0006,7b362e7da9b4,B0_Template,P001_02,young_professionals,Portable Espresso Maker Plus for everyday use,Discover a consumer electronics option with compact.,Learn more,Clean product photo of Portable Espresso Maker Plus on a simple background,0,1,fixed_template,0.48,0.92,0.55,0.35,1.0,0.0,1.0,0.6302,0.657,,,,,,,,
T0006,12de993a2b4f,B1_SingleShot_API,P001_02,young_professionals,Compact & Rechargeable Espresso for Busy Professionals,"Portable Espresso Maker Plus makes quick, travel-friendly coffee. Perfect for commuting.",Shop Now,Warm neutral colors with a comparison layout highlighting portability and speed.,4,2876,,1.0,0.92,0.55,0.4583,0.78,0.04,0.812,0.7764,0.7247,practical,productivity,comparison layout,warm neutral,Shop now,medium,commuting,
T0006,ddfab13c55f0,B2_OpenSource_Only,P001_02,young_professionals,Compact Espresso Anywhere,"Quick, compact, rechargeable - perfect for busy commuting.",Try today,Compare features with other espresso makers.,3,2381,,0.74,0.78,0.55,0.4583,0.78,0.04,0.812,0.688,0.6362,playful,family benefit,comparison layout,warm neutral,Try today,short,commuting,
T0006,2359288a0738,B3_PromptEngineered_AI,P001_02,young_professionals,Compact & Rechargeable Espresso Anywhere,"Quick, travel-friendly espresso with a portable case.",Try Today,Young professional sipping espresso in a busy coffee shop,4,2677,,1.0,0.92,0.82,0.35,1.0,0.0,0.8462,0.8448,0.8209,playful,productivity,lifestyle scene,clean bright,Try today,medium,time pressure,
T0006,57a1e975375c,Ours_EAI_CO,P001_02,young_professionals,Portable Espresso for Busy Professionals,"Compact, rechargeable, quick extraction, travel-friendly with case.",Shop Now,"A young professional sipping espresso in a bustling city, surrounded by modern office furniture.",8,10811,,1.0,0.92,0.92,0.35,1.0,0.0,0.8571,0.8468,0.8361,premium,identity,lifestyle scene,bold accent,Shop now,detailed,commuting,
T0006,389fb59e40ae,Ours_without_diversity,P001_02,young_professionals,Portable Espresso for Busy Professionals,"Compact, rechargeable, perfect for travel.",Learn more,A young professional sipping espresso from a portable device while working at a café.,8,10245,,0.87,0.78,0.92,0.4583,0.78,0.04,0.0,0.7732,0.6626,premium,identity,minimal poster,clean bright,Learn more,short,work-life balance,
T0006,ef57512bb251,Ours_without_factual_penalty,P001_02,young_professionals,Portable Espresso Maker Plus,"Compact, rechargeable, travel-friendly, quick extraction. Perfect for busy professionals.",Learn more,Experience ultimate convenience with our portable espresso maker.,8,10224,,1.0,0.92,0.7,0.4583,0.78,0.0,0.8571,0.7894,0.7914,practical,family benefit,minimal poster,warm neutral,Learn more,detailed,time pressure,
T0006,847ec155b278,Ours_without_iterative_loop,P001_02,young_professionals,Compact Espresso for Busy Professionals,"Portable, rechargeable, quick extraction - perfect for travel.",Learn more,A young professional sipping espresso from a portable device while working at a café.,4,5533,,1.0,0.92,0.77,0.4583,0.78,0.04,0.8571,0.8048,0.7637,aspirational,identity,product-centered,clean bright,Learn more,detailed,work-life balance,
T0006,e34555ef02e5,Ours_without_audience_modeling,P001_02,general_consumers,Portable Espresso Maker Plus,"Compact, rechargeable, and travel-friendly. Quick extraction with a travel case included.",Learn more,Compare features of our portable espresso maker,8,10566,,1.0,0.92,0.65,0.35,1.0,0.0,0.7692,0.8074,0.7849,premium,value,comparison layout,high contrast,Learn more,short,unclear product value,
T0007,654c19c8c472,B0_Template,P001_02,family_users,Portable Espresso Maker Plus for everyday use,Discover a consumer electronics option with compact.,Learn more,Clean product photo of Portable Espresso Maker Plus on a simple background,0,1,fixed_template,0.48,0.92,0.55,0.4583,1.0,0.0,1.0,0.6432,0.6764,,,,,,,,
T0007,e31eee364b37,B1_SingleShot_API,P001_02,family_users,Compact & Rechargeable Espresso for Busy Families,"Travel-friendly, quick extraction, includes travel case. Perfect for busy families on-the-go.",Compare Options,Explore portable espresso makers with different features and sizes.,4,2853,,1.0,0.92,0.67,0.35,0.78,0.04,0.9302,0.7898,0.7358,practical,productivity,comparison layout,clean bright,Compare options,detailed,limited time,
T0007,e22c8e6c41f8,B2_OpenSource_Only,P001_02,family_users,Compact & Rechargeable Espresso for Family Adventures,"Quick, travel-friendly espresso with a safety-first design.",Learn More,Warm family enjoying espresso together,3,2348,,1.0,0.92,0.8,0.5667,1.0,0.0,0.9009,0.8464,0.8574,warm,family benefit,minimal poster,high contrast,Learn more,short,safety concerns,
T0007,6216ce57b3a3,B3_PromptEngineered_AI,P001_02,family_users,Compact & Rechargeable Espresso for Busy Families,"Travel-friendly, quick extraction, includes travel case.",Learn More,Portable Espresso Maker Plus - Perfect for Family Routines,4,2532,,1.0,0.92,0.92,0.4583,0.78,0.04,0.8755,0.8578,0.7946,premium,value,minimal poster,bold accent,Learn more,detailed,family routines,
T0007,00efe2428274,Ours_EAI_CO,P001_02,family_users,Portable Espresso for Any Adventure,"Compact, rechargeable, travel-friendly, quick extraction. Includes travel case.",Learn more,A happy family enjoying espresso on a camping trip,8,9974,,1.0,0.92,0.92,0.4583,1.0,0.0,0.7692,0.8598,0.8484,aspirational,identity,minimal poster,clean bright,Learn more,medium,safety concerns,
T0007,8bf272a1e6e1,Ours_without_diversity,P001_02,family_users,Compact & Rechargeable Espresso for Busy Families,"Quick, travel-friendly espresso with a stylish design.",Compare Options,A family enjoying espresso together in a cozy setting,8,10649,,1.0,0.92,0.55,0.4583,1.0,0.0,0.0,0.7784,0.7221,playful,convenience,product-centered,high contrast,Compare options,detailed,family routines,
T0007,cd8c55a356d2,Ours_without_factual_penalty,P001_02,family_users,Portable Espresso Maker Plus,"Compact, rechargeable, travel-friendly, quick extraction. Perfect for family adventures.",Learn more,"Enjoy rich espresso anytime, anywhere with our ultimate portable espresso maker.",8,10518,,1.0,0.92,0.92,0.5667,0.78,0.0,0.8571,0.8508,0.8494,warm,convenience,minimal poster,bold accent,Learn more,medium,safety concerns,
T0007,68c6c030db4d,Ours_without_iterative_loop,P001_02,family_users,Compact & Rechargeable Espresso for Any Adventure,Travel-friendly design with quick extraction. Includes travel case.,Shop Now,"A warm neutral portable espresso maker in a travel case, ready for an adventure",4,5378,,1.0,0.92,0.65,0.35,1.0,0.0,0.7692,0.7874,0.7817,premium,convenience,product-centered,warm neutral,Shop now,medium,safety concerns,
T0007,e34555ef02e5,Ours_without_audience_modeling,P001_02,general_consumers,Portable Espresso Maker Plus,"Compact, rechargeable, and travel-friendly. Quick extraction with a travel case included.",Learn more,Compare features of our portable espresso maker,8,10556,,1.0,0.92,0.65,0.35,1.0,0.0,0.7692,0.8074,0.7849,premium,value,comparison layout,high contrast,Learn more,short,unclear product value,
T0008,bc83bb32b9c3,B0_Template,P001_02,price_sensitive_consumers,Portable Espresso Maker Plus for everyday use,Discover a consumer electronics option with compact.,Learn more,Clean product photo of Portable Espresso Maker Plus on a simple background,0,1,fixed_template,0.48,0.92,0.55,0.35,1.0,0.0,1.0,0.6302,0.657,,,,,,,,
T0008,41b9403a7d02,B1_SingleShot_API,P001_02,price_sensitive_consumers,Compact & Rechargeable Espresso Anywhere,"Travel-friendly design, quick extraction, included travel case.",Learn More,"Warm neutral tones, minimal layout, premium feel",4,2474,,1.0,0.92,0.8,0.35,1.0,0.0,0.9009,0.8204,0.8185,premium,family benefit,minimal poster,warm neutral,Learn more,medium,budget pressure,
T0008,fa1c90b1a861,B2_OpenSource_Only,P001_02,price_sensitive_consumers,Portable Espresso Maker Plus,"Compact, rechargeable, and perfect for travel. Quick extraction, travel case included.",Try today,Experience the perfect cup anywhere with our bold and aspirational Portable Espresso Maker Plus.,3,3039,,1.0,0.92,0.77,0.35,0.78,0.04,0.9009,0.8218,0.7526,aspirational,family benefit,product-centered,bold accent,Try today,detailed,budget pressure,
T0008,ed0f74cf9303,B3_PromptEngineered_AI,P001_02,price_sensitive_consumers,Portable Espresso Maker Plus,"Compact, rechargeable, and travel-friendly for quick extraction.",Shop now,Bright clean design in a lifestyle setting,4,2427,,1.0,0.92,0.82,0.35,1.0,0.0,0.9556,0.8748,0.8344,practical,value,lifestyle scene,clean bright,Shop now,short,comparison shopping,
T0008,98d95d27af91,Ours_EAI_CO,P001_02,price_sensitive_consumers,Portable Espresso Maker Plus,"Compact, rechargeable, travel-friendly, quick extraction, travel case included.",Try today,Experience premium productivity on-the-go with our bold accent Portable Espresso Maker Plus.,8,10578,,1.0,0.92,0.77,0.35,1.0,0.0,0.9333,0.8638,0.8239,premium,productivity,product-centered,bold accent,Try today,medium,budget pressure,
T0008,9a5249cc8e38,Ours_without_diversity,P001_02,price_sensitive_consumers,Portable Espresso Maker Plus,"Compact, rechargeable, travel-friendly, quick extraction, travel case included.",Shop now,"Enjoy your perfect espresso anytime, anywhere.",8,10397,,1.0,0.92,0.92,0.35,0.78,0.0,0.0,0.8548,0.7468,premium,convenience,lifestyle scene,clean bright,Shop now,detailed,risk avoidance,
T0008,a1eff37f4011,Ours_without_factual_penalty,P001_02,price_sensitive_consumers,Portable Espresso Maker Plus,"Compact, rechargeable, travel-friendly, quick extraction. Perfect for busy lifestyles.",Try today,Experience ultimate convenience with our portable espresso maker.,8,10308,,1.0,0.92,0.92,0.35,0.78,0.0,0.8571,0.8748,0.8185,warm,productivity,minimal poster,bold accent,Try today,medium,comparison shopping,
T0008,c1595b0db198,Ours_without_iterative_loop,P001_02,price_sensitive_consumers,Compact & Rechargeable Espresso for Busy Livers,"Travel-friendly, quick extraction, includes travel case. Perfect for budget-conscious coffee lovers.",Shop Now,A stylish portable espresso maker on a countertop next to a travel mug and a laptop.,4,6123,,1.0,0.92,0.92,0.4583,0.78,0.04,0.8571,0.8578,0.7932,warm,productivity,lifestyle scene,bold accent,Shop now,detailed,budget pressure,
T0008,e34555ef02e5,Ours_without_audience_modeling,P001_02,general_consumers,Portable Espresso Maker Plus,"Compact, rechargeable, and travel-friendly. Quick extraction with a travel case included.",Learn more,Compare features of our portable espresso maker,8,10563,,1.0,0.92,0.65,0.35,1.0,0.0,0.7692,0.8074,0.7849,premium,value,comparison layout,high contrast,Learn more,short,unclear product value,
T0009,327124589044,B0_Template,P002_01,students,Ergonomic Study Lamp Lite for everyday use,Discover a home office option with eye-care lighting.,Learn more,Clean product photo of Ergonomic Study Lamp Lite on a simple background,0,1,fixed_template,0.61,0.92,0.55,0.4583,1.0,0.0,1.0,0.677,0.7079,,,,,,,,
T0009,189288a3c71e,B1_SingleShot_API,P002_01,students,Ergonomic Study Lamp Lite for Students,"Brighten your study space with eye-care lighting, adjustable arm, and low power use.",Compare Options,Desk setup with Ergonomic Study Lamp Lite in high contrast colors,4,2942,,1.0,0.92,0.8,0.5667,1.0,0.0,0.9302,0.8464,0.8597,premium,identity,lifestyle scene,high contrast,Compare options,detailed,small dorm space,
T0009,8a598c26bb1d,B2_OpenSource_Only,P002_01,students,Ergonomic Study Lamp Lite,Brighten your study with eye-care lighting. Adjustable & space-saving.,Learn more,Compare features of our ergonomic lamp,3,2999,,0.74,0.92,0.67,0.5667,1.0,0.0,0.9302,0.7702,0.7773,playful,productivity,comparison layout,bold accent,Learn more,short,limited budget,
T0009,76ba1323cf49,B3_PromptEngineered_AI,P002_01,students,Ergonomic Study Lamp Lite,"Brighten your study with eye-care lighting, perfect for busy schedules.",Shop now,"A clean, bright desk lamp with an adjustable arm",4,3024,,0.74,0.92,0.67,0.5667,0.78,0.04,0.9048,0.7782,0.7146,practical,productivity,product-centered,clean bright,Shop now,detailed,busy schedule,
T0009,571950b241be,Ours_EAI_CO,P002_01,students,Ergonomic Study Lamp Lite,"Adjustable arm, eye-care lighting, low power, desk-friendly, space-saving.",Shop now,"A clean, bright desk with the Ergonomic Study Lamp Lite",8,11283,,1.0,0.92,0.82,0.5667,1.0,0.0,0.8571,0.8808,0.8622,practical,convenience,minimal poster,clean bright,Shop now,medium,limited budget,
T0009,0666d2f97db8,Ours_without_diversity,P002_01,students,Ergonomic Study Lamp Lite for Students,"Eye-care lighting, adjustable arm, low power, desk-friendly, space-saving.",Learn more,Brighten your study with our premium ergonomic lamp.,8,7999,,1.0,0.92,0.77,0.5667,1.0,0.0,0.0,0.8398,0.78,premium,convenience,product-centered,bold accent,Learn more,short,limited budget,
T0009,4cd7f6d970fb,Ours_without_factual_penalty,P002_01,students,Ergonomic Study Lamp Lite - Perfect for Students,"Eye-care lighting, adjustable arm, low power, desk-friendly, space-saving.",Try today,Compare now with other lamps,8,6391,,1.0,0.92,0.65,0.5667,0.78,0.0,0.7692,0.8414,0.803,premium,productivity,comparison layout,warm neutral,Try today,short,limited budget,
T0009,b5f94ecd6f0f,Ours_without_iterative_loop,P002_01,students,Elevate Your Study Space,Discover eye-care lighting with adjustable arm for small dorms.,Learn More,A student in a cozy dorm room using the Ergonomic Study Lamp Lite on their desk.,4,3518,,0.87,0.92,0.92,0.5667,1.0,0.0,0.7692,0.839,0.8364,aspirational,identity,lifestyle scene,bold accent,Learn more,detailed,small dorm space,
T0009,4783717452a6,Ours_without_audience_modeling,P002_01,general_consumers,Ergonomic Study Lamp Lite,"Brighten your study with eye-care lighting, adjustable arm, and low power use.",Learn more,"Explore the bold, family-friendly benefits of our ergonomic lamp.",8,6678,,0.87,0.92,0.67,0.4583,1.0,0.0,0.7692,0.771,0.7732,playful,family benefit,product-centered,bold accent,Learn more,medium,unclear product value,
T0010,248391cf6632,B0_Template,P002_01,young_professionals,Ergonomic Study Lamp Lite for everyday use,Discover a home office option with eye-care lighting.,Learn more,Clean product photo of Ergonomic Study Lamp Lite on a simple background,0,1,fixed_template,0.61,0.92,0.55,0.35,1.0,0.0,1.0,0.664,0.6884,,,,,,,,
T0010,9980e0c8d295,B1_SingleShot_API,P002_01,young_professionals,Ergonomic Study Lamp Lite for Young Professionals,"Brighten your workspace with eye-care lighting, adjustability, and energy efficiency.",Learn more,"Clean, bright design with an adjustable arm",4,1792,,0.74,0.92,0.92,0.4583,1.0,0.0,0.8755,0.7922,0.7941,aspirational,identity,minimal poster,clean bright,Learn more,short,work-life balance,
T0010,5a289cc3558e,B2_OpenSource_Only,P002_01,young_professionals,Ergonomic Study Lamp Lite,"Brighten your workspace with eye-care lighting, perfect for young professionals.",Compare options,"Desk setup with ergonomic lamp, highlighting adjustable arm and sleek design.",3,2875,,0.87,0.92,0.65,0.4583,0.78,0.04,0.8755,0.7446,0.7127,aspirational,convenience,product-centered,high contrast,Compare options,medium,commuting,
T0010,adc32a8f758a,B3_PromptEngineered_AI,P002_01,young_professionals,Ergonomic Study Lamp Lite for Young Professionals,"Brighten your workspace with eye-care lighting, adjustability, and energy efficiency.",Try Today,"A sleek, modern study lamp with an adjustable arm on a clean desk",4,3116,,0.87,0.92,0.77,0.4583,1.0,0.0,0.8462,0.813,0.8001,premium,value,product-centered,clean bright,Try today,medium,work-life balance,
T0010,a3452049036c,Ours_EAI_CO,P002_01,young_professionals,Ergonomic Study Lamp Lite for Young Professionals,"Brighten your workspace with eye-care lighting, adjustable arm, and low power use.",Shop Now,"A young professional working at a desk with the Ergonomic Study Lamp Lite, creating a warm and inviting atmosphere.",8,12457,,1.0,0.92,0.8,0.4583,1.0,0.0,0.9333,0.8334,0.8405,premium,family benefit,lifestyle scene,warm neutral,Shop now,short,commuting,
T0010,b97f282e25ec,Ours_without_diversity,P002_01,young_professionals,Ergonomic Study Lamp Lite for Young Professionals,"Eye-care lighting, adjustable arm, low power, desk-friendly, space-saving.",Compare Options,Brighten your workspace with our ergonomic lamp.,8,11825,,1.0,0.92,0.82,0.4583,1.0,0.0,0.0,0.8578,0.7726,practical,productivity,minimal poster,bold accent,Compare options,detailed,commuting,
T0010,89bb1e041998,Ours_without_factual_penalty,P002_01,young_professionals,Ergonomic Study Lamp Lite - Perfect for Young Professionals,"Eye-care lighting, adjustable arm, low power, desk-friendly, space-saving.",Compare Now,"A young professional working at a desk with the Ergonomic Study Lamp Lite, highlighting its adjustable arm and bold design.",8,12327,,1.0,0.92,0.92,0.4583,0.78,0.0,0.8571,0.8378,0.83,warm,identity,lifestyle scene,bold accent,Compare options,short,time pressure,
T0010,1b749627133a,Ours_without_iterative_loop,P002_01,young_professionals,Elevate Your Desk with Lite,"Eye-care lighting, adjustable arm, and space-saving design for young professionals.",Compare Options,"A young professional working at a desk with the Ergonomic Study Lamp Lite, highlighting its high-contrast design and adjustable arm.",4,6345,,0.87,0.92,0.8,0.4583,1.0,0.0,0.7692,0.7996,0.796,aspirational,convenience,lifestyle scene,high contrast,Compare options,medium,commuting,
T0010,4783717452a6,Ours_without_audience_modeling,P002_01,general_consumers,Ergonomic Study Lamp Lite,"Brighten your study with eye-care lighting, adjustable arm, and low power use.",Learn more,"Explore the bold, family-friendly benefits of our ergonomic lamp.",8,11499,,0.87,0.92,0.67,0.35,1.0,0.0,0.7692,0.758,0.7538,playful,family benefit,product-centered,bold accent,Learn more,medium,unclear product value,
T0011,2fe7bcc669a5,B0_Template,P002_01,family_users,Ergonomic Study Lamp Lite for everyday use,Discover a home office option with eye-care lighting.,Learn more,Clean product photo of Ergonomic Study Lamp Lite on a simple background,0,1,fixed_template,0.61,0.92,0.55,0.4583,1.0,0.0,1.0,0.677,0.7079,,,,,,,,
T0011,c80d401d4037,B1_SingleShot_API,P002_01,family_users,Ergonomic Study Lamp Lite for Family Comfort,"Brighten study time with eye-care lighting, adjustable arm, and space-saving design.",Try Today,Compare ergonomic benefits of our study lamp,4,3077,,0.74,0.92,0.65,0.5667,1.0,0.0,0.8462,0.7458,0.7639,aspirational,family benefit,comparison layout,high contrast,Try today,medium,safety concerns,
T0011,ee69a0bc797f,B2_OpenSource_Only,P002_01,family_users,Elevate Your Study Space,"Eye-care lighting, adjustable arm, and space-saving design for a comfortable study experience.",Try Today,Transform your desk with our ergonomic Study Lamp Lite,3,3249,,0.87,0.92,0.77,0.35,1.0,0.0,0.8462,0.78,0.7775,aspirational,convenience,product-centered,bold accent,Try today,detailed,limited time,
T0011,53c5df873907,B3_PromptEngineered_AI,P002_01,family_users,Ergonomic Study Lamp Lite,"Brighten your study with eye-care lighting, adjustability, and energy efficiency.",Try today,"A playful, minimalist poster with bold accents highlighting the lamp's adjustable arm and compact design.",4,3300,,0.61,0.92,0.82,0.35,1.0,0.0,0.8462,0.7734,0.7314,playful,productivity,minimal poster,bold accent,Try today,short,safety concerns,
T0011,1ec58fd41f09,Ours_EAI_CO,P002_01,family_users,Ergonomic Study Lamp Lite for Family,"Eye-care lighting, adjustable arm, low power, desk-friendly, space-saving.",Try today,Compare ergonomic study lamps with adjustable arms and warm neutral colors.,8,7812,,1.0,0.92,0.55,0.4583,1.0,0.0,0.6667,0.8284,0.7834,practical,productivity,comparison layout,warm neutral,Try today,short,limited time,
T0011,32cffea7be24,Ours_without_diversity,P002_01,family_users,Ergonomic Study Lamp Lite for Family Routines,"Brighten study time with eye-care lighting, adjustable arm, and space-saving design.",Learn More,A family working together at a desk with the Ergonomic Study Lamp Lite,8,7456,,0.87,0.92,0.55,0.5667,1.0,0.0,0.0,0.7576,0.7101,playful,family benefit,product-centered,high contrast,Learn more,detailed,family routines,
T0011,0b2e0ca87100,Ours_without_factual_penalty,P002_01,family_users,Ergonomic Study Lamp Lite,"Eye-care lighting, adjustable arm, low power, desk-friendly, space-saving.",Compare now,"Bright, adjustable light on a desk",8,6846,,1.0,0.92,0.8,0.35,1.0,0.0,0.7692,0.8404,0.8112,premium,productivity,lifestyle scene,high contrast,Compare options,short,safety concerns,
T0011,716df6316b7d,Ours_without_iterative_loop,P002_01,family_users,Elevate Family Routines with Ergonomic Study Lamp Lite,"Brighten study time for all ages with this adjustable, energy-efficient lamp.",Learn More,A family working together at a desk illuminated by the Ergonomic Study Lamp Lite,4,3912,,0.61,0.92,0.8,0.5667,1.0,0.0,0.8571,0.745,0.7596,aspirational,family benefit,lifestyle scene,high contrast,Learn more,detailed,family routines,
T0011,4783717452a6,Ours_without_audience_modeling,P002_01,general_consumers,Ergonomic Study Lamp Lite,"Brighten your study with eye-care lighting, adjustable arm, and low power use.",Learn more,"Explore the bold, family-friendly benefits of our ergonomic lamp.",8,6893,,0.87,0.92,0.67,0.5667,1.0,0.0,0.7692,0.784,0.7926,playful,family benefit,product-centered,bold accent,Learn more,medium,unclear product value,
T0012,45316a592a9c,B0_Template,P002_01,price_sensitive_consumers,Ergonomic Study Lamp Lite for everyday use,Discover a home office option with eye-care lighting.,Learn more,Clean product photo of Ergonomic Study Lamp Lite on a simple background,0,1,fixed_template,0.61,0.92,0.55,0.35,1.0,0.0,1.0,0.664,0.6884,,,,,,,,
T0012,c05ae880e1d5,B1_SingleShot_API,P002_01,price_sensitive_consumers,Ergonomic Study Lamp Lite,"Eye-care lighting, adjustable arm, low power, desk-friendly, space-saving.",Compare options,Bright clean light with adjustable arm,4,1566,,1.0,0.92,0.92,0.35,1.0,0.0,0.9302,0.8668,0.8451,warm,value,minimal poster,clean bright,Compare options,medium,budget pressure,
T0012,2c3c655b95cf,B2_OpenSource_Only,P002_01,price_sensitive_consumers,Ergonomic Study Lamp Lite,"Eye-care lighting, adjustable arm, low power, perfect for desks.",Try today,"Warm neutral tones, minimalist design",3,1662,,0.87,0.92,0.7,0.35,0.78,0.04,0.8413,0.7926,0.7073,playful,productivity,minimal poster,warm neutral,Try today,short,comparison shopping,
T0012,a69fcadd6032,B3_PromptEngineered_AI,P002_01,price_sensitive_consumers,Ergonomic Study Lamp Lite,"Eye-care lighting, adjustable arm, low power, perfect for desks.",Try today,"Warm neutral tones, family-friendly design, compact yet functional",4,1707,,0.87,0.92,0.55,0.35,0.78,0.04,0.8667,0.7396,0.6799,playful,family benefit,comparison layout,warm neutral,Try today,detailed,risk avoidance,
T0012,c904347df51f,Ours_EAI_CO,P002_01,price_sensitive_consumers,Ergonomic Study Lamp Lite,"Eye-care lighting, adjustable arm, low power, desk-friendly, space-saving.",Shop now,Compare features of ergonomic study lamps,8,9773,,1.0,0.92,0.65,0.35,1.0,0.0,0.6667,0.8374,0.7815,aspirational,productivity,comparison layout,warm neutral,Shop now,short,comparison shopping,
T0012,f105874a1e9d,Ours_without_diversity,P002_01,price_sensitive_consumers,Ergonomic Study Lamp Lite,"Eye-care lighting, adjustable arm, low power, desk-friendly, space-saving.",Try today,Compare ergonomic benefits of our study lamp with traditional options.,8,11625,,1.0,0.92,0.77,0.4583,1.0,0.0,0.0,0.8568,0.7654,warm,convenience,comparison layout,clean bright,Try today,short,risk avoidance,
T0012,7b3c15d57225,Ours_without_factual_penalty,P002_01,price_sensitive_consumers,Ergonomic Study Lamp Lite - Perfect for Your Desk,"Eye-care lighting, adjustable arm, low power, desk-friendly, space-saving.",Shop Now,Compare with other lamps - find the ultimate ergonomic solution.,8,12914,,1.0,0.92,0.92,0.35,0.78,0.0,0.8571,0.8448,0.8137,warm,productivity,lifestyle scene,bold accent,Shop now,medium,comparison shopping,
T0012,79483c155342,Ours_without_iterative_loop,P002_01,price_sensitive_consumers,Ergonomic Study Lamp Lite,"Eye-care lighting, adjustable arm, low power, desk-friendly, space-saving.",Learn more,"Bright, adjustable light on a desk",4,5477,,1.0,0.92,0.65,0.35,1.0,0.0,0.7692,0.7874,0.7817,warm,convenience,product-centered,high contrast,Learn more,detailed,risk avoidance,
T0012,4783717452a6,Ours_without_audience_modeling,P002_01,general_consumers,Ergonomic Study Lamp Lite,"Brighten your study with eye-care lighting, adjustable arm, and low power use.",Learn more,"Explore the bold, family-friendly benefits of our ergonomic lamp.",8,11340,,0.87,0.92,0.67,0.4583,1.0,0.0,0.7692,0.771,0.7732,playful,family benefit,product-centered,bold accent,Learn more,medium,unclear product value,
T0013,f5b427735ec0,B0_Template,P002_02,students,Ergonomic Study Lamp Plus for everyday use,Discover a home office option with eye-care lighting.,Learn more,Clean product photo of Ergonomic Study Lamp Plus on a simple background,0,1,fixed_template,0.61,0.92,0.55,0.4583,1.0,0.0,1.0,0.677,0.7079,,,,,,,,
T0013,981ab0f4cfa3,B1_SingleShot_API,P002_02,students,Ergonomic Study Lamp Plus,"Brighten your study with eye-care lighting, adjustable arm, and touch control.",Try today,Desk-friendly lamp with high contrast design,4,2606,,0.87,0.92,0.8,0.4583,1.0,0.0,0.7374,0.8296,0.7983,aspirational,convenience,minimal poster,high contrast,Try today,medium,limited budget,
T0013,61a6b495c984,B2_OpenSource_Only,P002_02,students,Ergonomic Study Lamp Plus,"Brighten your study with eye-care lighting, adjustable arm, and touch control.",Try today,Compare features for a better study setup,3,2930,,0.74,0.92,0.77,0.4583,1.0,0.0,0.7778,0.7892,0.7648,warm,convenience,comparison layout,bold accent,Try today,short,limited budget,
T0013,31549e75e29e,B3_PromptEngineered_AI,P002_02,students,Ergonomic Study Lamp Plus,"Brighten your study with adjustable arm, touch control, and eye-care lighting.",Try today,Desk-friendly lamp with bold accent color,4,2814,,0.87,0.92,0.82,0.4583,1.0,0.0,0.7374,0.834,0.8018,playful,identity,minimal poster,bold accent,Try today,medium,limited budget,
T0013,f8ca95535350,Ours_EAI_CO,P002_02,students,Ergonomic Study Lamp Plus,"Brighten your study with eye-care lighting, adjustable arm, and touch control.",Try today,Desk-friendly lamp with bold accent color for busy schedules,8,11836,,0.87,0.92,0.77,0.5667,1.0,0.0,0.8571,0.856,0.8252,premium,value,product-centered,bold accent,Try today,detailed,busy schedule,
T0013,5d8c246a8b86,Ours_without_diversity,P002_02,students,Ergonomic Study Lamp Plus for Students,"Eye-care lighting, adjustable arm, low power, desk-friendly, touch control.",Try today,A student studying with an ergonomic lamp on a desk,8,13026,,1.0,0.92,0.7,0.4583,1.0,0.0,0.0,0.8414,0.7532,practical,family benefit,minimal poster,high contrast,Try today,detailed,limited budget,
T0013,b94889b861b6,Ours_without_factual_penalty,P002_02,students,Ergonomic Study Lamp Plus,"Perfect for small spaces, this eye-care lamp offers adjustable arm, touch control, and low power use.",Try today,Brighten your study with the ultimate desk lamp,8,11943,,1.0,0.92,0.77,0.5667,0.78,0.0,0.9333,0.8478,0.834,premium,family benefit,product-centered,clean bright,Try today,detailed,small dorm space,
T0013,8fbcc60941e7,Ours_without_iterative_loop,P002_02,students,Ergonomic Study Lamp Plus,"Perfect for small spaces, this lamp offers eye-care lighting & touch control.",Shop now,Warm neutral desk with adjustable ergonomic lamp,4,5709,,0.87,0.92,0.65,0.5667,0.78,0.04,0.7692,0.7876,0.7284,warm,family benefit,comparison layout,warm neutral,Shop now,short,small dorm space,
T0013,2e2bdc00b8ad,Ours_without_audience_modeling,P002_02,general_consumers,Ergonomic Study Lamp Plus,"Brighten your study with eye-care lighting, adjustable arm, and touch control.",Learn more,"Warm glow, adjustable arm, touch controls",8,12030,,0.87,0.92,0.92,0.4583,1.0,0.0,0.6667,0.846,0.812,warm,productivity,minimal poster,bold accent,Learn more,medium,unclear product value,
T0014,0ecf7c833b0d,B0_Template,P002_02,young_professionals,Ergonomic Study Lamp Plus for everyday use,Discover a home office option with eye-care lighting.,Learn more,Clean product photo of Ergonomic Study Lamp Plus on a simple background,0,1,fixed_template,0.61,0.92,0.55,0.35,1.0,0.0,1.0,0.664,0.6884,,,,,,,,
T0014,01ea4369afd1,B1_SingleShot_API,P002_02,young_professionals,Elevate Your Desk with Ergonomic Study Lamp Plus,"Experience eye-care lighting, adjustable arm, and touch control for a productive setup.",Try Today,A young professional working efficiently at their desk with the Ergonomic Study Lamp Plus,4,3501,,0.87,0.92,0.65,0.4583,1.0,0.0,0.8755,0.7866,0.7814,aspirational,productivity,product-centered,high contrast,Try today,detailed,time pressure,
T0014,ad24e4f5606b,B2_OpenSource_Only,P002_02,young_professionals,Ergonomic Study Lamp Plus,"Brighten your workspace with eye-care lighting, adjustable arm, and touch control.",Learn more,"Warm neutral tones, practical design for productivity",3,2996,,0.74,0.92,0.55,0.5667,1.0,0.0,0.9009,0.7438,0.7539,practical,productivity,product-centered,warm neutral,Learn more,short,work-life balance,
T0014,a66b3fec05c6,B3_PromptEngineered_AI,P002_02,young_professionals,Ergonomic Study Lamp Plus,Brighten your study with eye-care lighting & touch control.,Shop now,High contrast design with playful details for a modern workspace.,4,3070,,0.61,0.92,0.7,0.4583,1.0,0.0,0.9302,0.76,0.7365,playful,value,minimal poster,high contrast,Shop now,medium,commuting,
T0014,01b4b08feaed,Ours_EAI_CO,P002_02,young_professionals,Elevate Your Desk with Ergonomic Study Lamp Plus,"Brighten your workspace with eye-care lighting, adjustable arm, and touch control.",Learn more,A young professional working at a desk with the Ergonomic Study Lamp Plus,8,13264,,0.87,0.92,0.92,0.4583,1.0,0.0,0.7692,0.846,0.8202,aspirational,value,minimal poster,bold accent,Learn more,short,commuting,
T0014,fe509ba4d0e7,Ours_without_diversity,P002_02,young_professionals,Ergonomic Study Lamp Plus for Young Professionals,"Brighten your workspace with eye-care lighting, touch control, and adjustability.",Shop Now,"Clean, bright design with an adjustable arm for a comfortable study setup.",8,12293,,0.74,0.92,0.92,0.4583,1.0,0.0,0.0,0.7922,0.7241,warm,convenience,minimal poster,clean bright,Shop now,short,work-life balance,
T0014,518de0dd6e89,Ours_without_factual_penalty,P002_02,young_professionals,Ergonomic Study Lamp Plus,"Perfect for young professionals. Eye-care lighting, adjustable arm, low power use.",Shop now,Bright clean light on a desk with a young professional working,8,12759,,0.87,0.92,0.92,0.4583,0.78,0.0,0.8571,0.834,0.8033,warm,family benefit,minimal poster,clean bright,Shop now,short,work-life balance,
T0014,e4b0f6da599a,Ours_without_iterative_loop,P002_02,young_professionals,Ergonomic Study Lamp Plus for Young Professionals,"Brighten your workspace with eye-care lighting, adjustable arm, and touch control.",Learn more,"A clean, bright desk setup with the Ergonomic Study Lamp Plus, highlighting its adjustable arm and touch controls.",4,6537,,0.87,0.92,0.82,0.4583,1.0,0.0,0.9333,0.824,0.8158,practical,productivity,minimal poster,clean bright,Learn more,detailed,time pressure,
T0014,2e2bdc00b8ad,Ours_without_audience_modeling,P002_02,general_consumers,Ergonomic Study Lamp Plus,"Brighten your study with eye-care lighting, adjustable arm, and touch control.",Learn more,"Warm glow, adjustable arm, touch controls",8,10922,,0.87,0.92,0.92,0.35,1.0,0.0,0.6667,0.833,0.7926,warm,productivity,minimal poster,bold accent,Learn more,medium,unclear product value,
T0015,aedbec83026e,B0_Template,P002_02,family_users,Ergonomic Study Lamp Plus for everyday use,Discover a home office option with eye-care lighting.,Learn more,Clean product photo of Ergonomic Study Lamp Plus on a simple background,0,1,fixed_template,0.61,0.92,0.55,0.4583,1.0,0.0,1.0,0.677,0.7079,,,,,,,,
T0015,0e98febc89fa,B1_SingleShot_API,P002_02,family_users,Ergonomic Study Lamp Plus,"Eye-care lighting, adjustable arm, touch control, energy-efficient.",Shop now,Brighten your study with our premium ergonomic lamp.,4,2592,,0.74,0.92,0.77,0.35,1.0,0.0,0.8755,0.7962,0.7564,premium,value,product-centered,clean bright,Shop now,medium,safety concerns,
T0015,e002bbb9fb64,B2_OpenSource_Only,P002_02,family_users,Elevate Your Study Space,"Brighten your study with our eye-care lamp. Adjustable, energy-efficient, and perfect for desks.",Learn more,Compare features of our ergonomic study lamp,3,2982,,0.74,0.92,0.77,0.35,0.78,0.04,0.8755,0.7242,0.6829,aspirational,convenience,comparison layout,bold accent,Learn more,medium,limited time,
T0015,aeb563c85c9d,B3_PromptEngineered_AI,P002_02,family_users,Ergonomic Study Lamp Plus,"Eye-care lighting, adjustable arm, low power, perfect for desks.",Shop now,"Warm neutral tones, practical design, desk-friendly",4,2811,,0.87,0.92,0.7,0.35,0.78,0.04,0.8462,0.7726,0.7045,practical,identity,minimal poster,warm neutral,Shop now,medium,limited time,
T0015,ef92a2b0a9c8,Ours_EAI_CO,P002_02,family_users,Ergonomic Study Lamp Plus for Family Routines,"Brighten your family's study time with our eye-care lighting, adjustable arm, and touch control.",Learn More,A family working together at a desk with the Ergonomic Study Lamp Plus,8,13007,,0.87,0.92,0.92,0.5667,1.0,0.0,0.6667,0.859,0.8314,premium,value,minimal poster,bold accent,Learn more,medium,family routines,
T0015,df43b4145dbf,Ours_without_diversity,P002_02,family_users,Ergonomic Study Lamp Plus for Family,"Brighten study time with eye-care lighting, adjustable arm, and touch control.",Learn More,A family working together at a desk with the Ergonomic Study Lamp Plus,8,11785,,0.87,0.92,0.82,0.5667,1.0,0.0,0.0,0.817,0.7574,practical,family benefit,lifestyle scene,bold accent,Learn more,detailed,safety concerns,
T0015,b74d15321440,Ours_without_factual_penalty,P002_02,family_users,Ergonomic Study Lamp Plus - Perfect for Your Desk,"Eye-care lighting, adjustable arm, low power use, touch control. Ideal for family users.",Compare Options,Discover the ultimate study lamp with adjustable arm and touch control,8,12753,,1.0,0.92,0.77,0.5667,0.78,0.0,0.7692,0.8178,0.8161,premium,identity,product-centered,bold accent,Compare options,medium,limited time,
T0015,5e3c8f42d625,Ours_without_iterative_loop,P002_02,family_users,Ergonomic Study Lamp Plus,"Brighten your study with eye-care lighting, adjustable arm, and touch control.",Shop now,"A warm, high-contrast lifestyle scene of a family working and studying together at a desk with the Ergonomic Study Lamp Plus.",4,7747,,0.87,0.92,0.8,0.4583,1.0,0.0,0.7692,0.8296,0.8008,warm,family benefit,lifestyle scene,high contrast,Shop now,detailed,limited time,
T0015,2e2bdc00b8ad,Ours_without_audience_modeling,P002_02,general_consumers,Ergonomic Study Lamp Plus,"Brighten your study with eye-care lighting, adjustable arm, and touch control.",Learn more,"Warm glow, adjustable arm, touch controls",8,11506,,0.87,0.92,0.92,0.35,1.0,0.0,0.6667,0.833,0.7926,warm,productivity,minimal poster,bold accent,Learn more,medium,unclear product value,
T0016,3cd35db9bbde,B0_Template,P002_02,price_sensitive_consumers,Ergonomic Study Lamp Plus for everyday use,Discover a home office option with eye-care lighting.,Learn more,Clean product photo of Ergonomic Study Lamp Plus on a simple background,0,1,fixed_template,0.61,0.92,0.55,0.35,1.0,0.0,1.0,0.664,0.6884,,,,,,,,
T0016,6f06ac52a735,B1_SingleShot_API,P002_02,price_sensitive_consumers,Ergonomic Study Lamp Plus,"Brighten your study with eye-care lighting, adjustable arm, and touch control.",Shop now,"A stylish desk setup with the Ergonomic Study Lamp Plus in a bold accent color, enhancing productivity in a lifestyle scene.",4,3619,,0.87,0.92,0.92,0.35,1.0,0.0,0.8263,0.863,0.8102,aspirational,productivity,lifestyle scene,bold accent,Shop now,medium,comparison shopping,
T0016,dfa4fd84f48d,B2_OpenSource_Only,P002_02,price_sensitive_consumers,Ergonomic Study Lamp Plus,"Brighten your study with eye-care lighting, adjustable arm, and touch control.",Try today,"Clean bright design, desk-friendly setup",3,3079,,0.87,0.92,0.67,0.35,1.0,0.0,0.8667,0.788,0.7664,playful,identity,product-centered,clean bright,Try today,short,risk avoidance,
T0016,534c78170092,B3_PromptEngineered_AI,P002_02,price_sensitive_consumers,Ergonomic Study Lamp Plus,"Brighten your study with eye-care lighting, adjustable arm, and touch control.",Try today,Clean bright desk setup with ergonomic lamp,4,2894,,0.87,0.92,0.92,0.35,1.0,0.0,0.7374,0.863,0.8031,aspirational,productivity,lifestyle scene,clean bright,Try today,short,comparison shopping,
T0016,17e1076f0bcc,Ours_EAI_CO,P002_02,price_sensitive_consumers,Ergonomic Study Lamp Plus for Comfortable Reading,"Adjustable arm, touch control, eye-care lighting, low power, desk-friendly design.",Shop now,Warm neutral colors with a comparison layout highlighting key features.,8,11862,,1.0,0.92,0.65,0.4583,1.0,0.0,0.5455,0.8504,0.7912,aspirational,value,comparison layout,warm neutral,Shop now,detailed,risk avoidance,
T0016,f3b8a560cb76,Ours_without_diversity,P002_02,price_sensitive_consumers,Ergonomic Study Lamp Plus,"Eye-care lighting, adjustable arm, low power, desk-friendly, touch control.",Shop now,Compare features with other lamps for a better study experience.,8,11944,,1.0,0.92,0.65,0.35,1.0,0.0,0.0,0.8374,0.7282,premium,value,product-centered,high contrast,Shop now,medium,comparison shopping,
T0016,f2c239b2f68b,Ours_without_factual_penalty,P002_02,price_sensitive_consumers,Ergonomic Study Lamp Plus,"Eye-care lighting, adjustable arm, low power, desk-friendly, touch control - perfect for your home office.",Shop now,Bright clean light in a modern room with family studying,8,11037,,1.0,0.92,0.92,0.35,0.78,0.0,0.5455,0.8548,0.7904,warm,family benefit,lifestyle scene,clean bright,Shop now,short,risk avoidance,
T0016,e850c2f052ec,Ours_without_iterative_loop,P002_02,price_sensitive_consumers,Ergonomic Study Lamp Plus,"Eye-care lighting, adjustable arm, low power, desk-friendly, touch control.",Try today,"A warm-lit desk with the Ergonomic Study Lamp Plus, enhancing productivity in a stylish way.",4,3806,,1.0,0.92,0.92,0.35,1.0,0.0,0.8571,0.8968,0.8441,warm,productivity,lifestyle scene,bold accent,Try today,medium,risk avoidance,
T0016,2e2bdc00b8ad,Ours_without_audience_modeling,P002_02,general_consumers,Ergonomic Study Lamp Plus,"Brighten your study with eye-care lighting, adjustable arm, and touch control.",Learn more,"Warm glow, adjustable arm, touch controls",8,6599,,0.87,0.92,0.92,0.35,1.0,0.0,0.6667,0.833,0.7926,warm,productivity,minimal poster,bold accent,Learn more,medium,unclear product value,
T0017,2d0e55de4915,B0_Template,P003_01,students,Smart Fitness Bottle Lite for everyday use,Discover a lifestyle option with hydration reminder.,Learn more,Clean product photo of Smart Fitness Bottle Lite on a simple background,0,1,fixed_template,0.48,0.92,0.55,0.35,1.0,0.0,1.0,0.6302,0.657,,,,,,,,
T0017,010b8ecde3e4,B1_SingleShot_API,P003_01,students,"Stay Hydrated, Stay Focused","Smart Fitness Bottle Lite reminds you to drink, tracks habits, and fits anywhere.",Try Today,"A student sipping from a sleek, stainless steel bottle in a cozy dorm room.",4,1905,,0.61,0.92,0.7,0.4583,1.0,0.0,0.8755,0.73,0.7274,playful,productivity,lifestyle scene,high contrast,Try today,medium,small dorm space,
T0017,f3209c21f69d,B2_OpenSource_Only,P003_01,students,"Stay Hydrated, Stay Focused","Track your hydration, monitor temp, and boost daily habits with our Smart Fitness Bottle Lite.",Learn More,Compare features of our Smart Fitness Bottle Lite with other bottles.,3,1935,,0.61,0.92,0.55,0.35,1.0,0.0,0.9048,0.664,0.6808,practical,family benefit,comparison layout,warm neutral,Learn more,medium,busy schedule,
T0017,b9cba8f3b15c,B3_PromptEngineered_AI,P003_01,students,"Stay Hydrated, Stay Focused",The Smart Fitness Bottle Lite keeps you hydrated in style with reminders and temp display.,Shop Now,Compare high contrast designs for small dorm spaces,4,1786,,0.61,0.92,0.65,0.4583,1.0,0.0,0.8755,0.699,0.7154,warm,identity,comparison layout,high contrast,Shop now,detailed,small dorm space,
T0017,620c8506b706,Ours_EAI_CO,P003_01,students,Stay Hydrated on a Budget,Smart Fitness Bottle Lite for daily hydration reminders & support.,Learn more,"A stylish, affordable water bottle with temperature display.",8,6568,,0.74,0.92,0.92,0.5667,1.0,0.0,0.9333,0.8052,0.8182,premium,family benefit,minimal poster,bold accent,Learn more,short,limited budget,
T0017,76d3d0e4fda8,Ours_without_diversity,P003_01,students,"Stay Hydrated, Stay Sharp",Smart Fitness Bottle Lite for daily hydration on a budget.,Learn More,"A student drinking from a sleek, high-contrast bottle in a campus setting.",8,7066,,0.61,0.92,0.8,0.5667,1.0,0.0,0.0,0.745,0.6911,premium,identity,lifestyle scene,high contrast,Learn more,short,limited budget,
T0017,e606f8ea5bdd,Ours_without_factual_penalty,P003_01,students,"Stay Hydrated, Stay Sharp","Track your hydration, set reminders, and boost daily habits with our Smart Fitness Bottle Lite.",Try Today,Elevate your daily routine with the ultimate hydration companion.,8,6516,,0.61,0.92,0.92,0.35,0.78,0.0,0.7692,0.7434,0.7125,warm,productivity,lifestyle scene,clean bright,Try today,medium,limited budget,
T0017,bb19c025ef8b,Ours_without_iterative_loop,P003_01,students,"Stay Hydrated, Stay Focused",Smart Fitness Bottle Lite for daily hydration on-the-go.,Learn More,"Clean, bright design with temperature display and hydration reminders.",4,3530,,0.74,0.92,0.77,0.35,1.0,0.0,0.8571,0.7662,0.7502,aspirational,value,product-centered,clean bright,Learn more,medium,small dorm space,
T0017,34def2f0b930,Ours_without_audience_modeling,P003_01,general_consumers,Stay Hydrated with Smart Fitness Bottle Lite,"Track your hydration, set reminders, and stay cool with temp display.",Try today,"Bold colors, sleek design, easy-to-read temp",8,6613,,0.61,0.92,0.82,0.35,1.0,0.0,0.8571,0.7534,0.7291,playful,convenience,minimal poster,bold accent,Try today,short,unclear product value,
T0018,546f5c103979,B0_Template,P003_01,young_professionals,Smart Fitness Bottle Lite for everyday use,Discover a lifestyle option with hydration reminder.,Learn more,Clean product photo of Smart Fitness Bottle Lite on a simple background,0,1,fixed_template,0.48,0.92,0.55,0.5667,1.0,0.0,1.0,0.6562,0.6959,,,,,,,,
T0018,cbdca2af37a5,B1_SingleShot_API,P003_01,young_professionals,"Stay Hydrated, Stay Focused","Smart Fitness Bottle Lite tracks your hydration, shows temp, and supports daily habits.",Learn More,Compare features of our smart bottles,4,1593,,0.61,0.92,0.65,0.35,1.0,0.0,0.8413,0.686,0.6933,warm,convenience,comparison layout,high contrast,Learn more,medium,work-life balance,
T0018,f6bafeddb01f,B2_OpenSource_Only,P003_01,young_professionals,"Stay Hydrated, On-the-Go!",Smart Fitness Bottle Lite keeps you hydrated with reminders & temp display. Stainless & leak-free.,Learn More,Compare features of our smart bottles for a healthier commute.,3,1928,,0.87,0.92,0.55,0.35,1.0,0.0,0.8413,0.7316,0.7386,playful,family benefit,comparison layout,warm neutral,Learn more,medium,commuting,
T0018,d8514e1e32b2,B3_PromptEngineered_AI,P003_01,young_professionals,"Stay Hydrated, Stay Focused","Track your intake, set reminders, and stay on top of your game.",Compare options,Smart bottle with playful design for busy professionals,4,1733,,0.48,0.92,0.82,0.35,1.0,0.0,0.9048,0.7096,0.6999,playful,value,minimal poster,clean bright,Compare options,short,work-life balance,
T0018,9bded593df69,Ours_EAI_CO,P003_01,young_professionals,Stay hydrated for productivity,"Track your water intake, set reminders, and boost daily habits.",Try today,"A young professional sipping from a sleek, stainless steel bottle with temperature display.",8,6575,,0.87,0.92,0.77,0.4583,1.0,0.0,0.7692,0.843,0.7988,aspirational,productivity,product-centered,bold accent,Try today,short,work-life balance,
T0018,be29bbf27692,Ours_without_diversity,P003_01,young_professionals,"Stay Hydrated, Stay Focused","Track your hydration, set reminders, and boost daily habits.",Compare Options,Warm neutral tones with a minimalist design showcasing a busy professional sipping from the Smart Fitness Bottle Lite.,8,7139,,0.61,0.92,0.8,0.35,1.0,0.0,0.0,0.719,0.6522,aspirational,family benefit,minimal poster,warm neutral,Compare options,detailed,work-life balance,
T0018,e77bac98f713,Ours_without_factual_penalty,P003_01,young_professionals,"Stay Hydrated Anytime, Anywhere","Smart Fitness Bottle Lite keeps you hydrated with reminders, temp display, & daily habit support.",Compare now,Elevate your hydration routine with our smart bottle designed for busy professionals.,8,8307,,0.74,0.92,0.65,0.4583,1.0,0.0,0.8571,0.7328,0.7454,aspirational,family benefit,product-centered,warm neutral,Compare options,medium,work-life balance,
T0018,4450163da9c5,Ours_without_iterative_loop,P003_01,young_professionals,Stay Hydrated on the Go,"Premium smart bottle with temp display, stainless steel, and daily reminders.",Shop Now,Compare features of our premium smart fitness bottle designed for busy professionals.,4,3755,,0.87,0.92,0.77,0.35,1.0,0.0,0.5455,0.8,0.7566,premium,value,comparison layout,bold accent,Shop now,detailed,commuting,
T0018,34def2f0b930,Ours_without_audience_modeling,P003_01,general_consumers,Stay Hydrated with Smart Fitness Bottle Lite,"Track your hydration, set reminders, and stay cool with temp display.",Try today,"Bold colors, sleek design, easy-to-read temp",8,6583,,0.61,0.92,0.82,0.35,1.0,0.0,0.8571,0.7534,0.7291,playful,convenience,minimal poster,bold accent,Try today,short,unclear product value,
T0019,6d713dcfa530,B0_Template,P003_01,family_users,Smart Fitness Bottle Lite for everyday use,Discover a lifestyle option with hydration reminder.,Learn more,Clean product photo of Smart Fitness Bottle Lite on a simple background,0,1,fixed_template,0.48,0.92,0.55,0.4583,1.0,0.0,1.0,0.6432,0.6764,,,,,,,,
T0019,6d4c66a951f8,B1_SingleShot_API,P003_01,family_users,Smart Fitness Bottle Lite for Family Routines,"Stay hydrated with reminders, temp display, and daily support in a stylish, leak-proof design.",Learn more,Compare features of the Smart Fitness Bottle Lite,4,2213,,0.87,0.92,0.55,0.4583,1.0,0.0,0.8009,0.7646,0.7579,playful,value,comparison layout,warm neutral,Learn more,short,family routines,
T0019,eef19d7e8644,B2_OpenSource_Only,P003_01,family_users,"Stay Hydrated, Stay Active",Smart Fitness Bottle Lite keeps you hydrated with reminders and temp display. Perfect for family health.,Compare Options,Family enjoying outdoor activities with Smart Fitness Bottle Lite,3,3106,,0.61,0.92,0.65,0.4583,0.78,0.04,0.8755,0.677,0.6499,aspirational,family benefit,product-centered,high contrast,Compare options,short,limited time,
T0019,324c2923e3a8,B3_PromptEngineered_AI,P003_01,family_users,Smart Fitness Bottle Lite,"Stay hydrated with reminders, temp display. Stainless, leak-free, supports habits.",Try today,Family enjoying outdoor activities with the Smart Fitness Bottle Lite,4,2925,,1.0,0.92,0.67,0.4583,1.0,0.0,0.7716,0.8548,0.8128,playful,value,product-centered,clean bright,Try today,short,family routines,
T0019,dad8e2dc0e6f,Ours_EAI_CO,P003_01,family_users,Stay Hydrated with Smart Fitness Bottle Lite,"Track your hydration, monitor temp, and support daily habits.",Shop Now,A family enjoying outdoor activities with the Smart Fitness Bottle Lite,8,13212,,0.61,0.92,0.92,0.4583,1.0,0.0,0.8571,0.7784,0.7644,aspirational,productivity,lifestyle scene,clean bright,Shop now,short,safety concerns,
T0019,9d288d6faeb4,Ours_without_diversity,P003_01,family_users,"Stay Hydrated, Stay Active",Smart Fitness Bottle Lite keeps you hydrated with reminders and temp display.,Compare Options,A family enjoying outdoor activities with the bottle,8,11033,,0.61,0.92,0.92,0.4583,1.0,0.0,0.0,0.7584,0.6927,aspirational,family benefit,lifestyle scene,clean bright,Compare options,detailed,safety concerns,
T0019,db7da9db511d,Ours_without_factual_penalty,P003_01,family_users,Smart Fitness Bottle Lite - Stay Hydrated Anywhere,"Perfect for families, this bottle keeps you hydrated with reminders and temp display. Stainless, leak-proof, and supports daily habits.",Learn more,Compare now - Best ever smart bottle for your family,8,12633,,1.0,0.92,0.77,0.4583,0.78,0.0,0.8571,0.8048,0.8037,aspirational,family benefit,comparison layout,bold accent,Learn more,short,safety concerns,
T0019,d11970aa9df0,Ours_without_iterative_loop,P003_01,family_users,"Stay Hydrated, Stay Happy",Smart Fitness Bottle Lite keeps your family hydrated with reminders and temp display.,Try Today,Family enjoying outdoor activities with the bottle,4,5403,,0.61,0.92,0.8,0.4583,1.0,0.0,0.8571,0.732,0.7402,warm,convenience,lifestyle scene,warm neutral,Try today,short,family routines,
T0019,34def2f0b930,Ours_without_audience_modeling,P003_01,general_consumers,Stay Hydrated with Smart Fitness Bottle Lite,"Track your hydration, set reminders, and stay cool with temp display.",Try today,"Bold colors, sleek design, easy-to-read temp",8,10753,,0.61,0.92,0.82,0.4583,1.0,0.0,0.8571,0.7664,0.7485,playful,convenience,minimal poster,bold accent,Try today,short,unclear product value,
T0020,632209ef5a40,B0_Template,P003_01,price_sensitive_consumers,Smart Fitness Bottle Lite for everyday use,Discover a lifestyle option with hydration reminder.,Learn more,Clean product photo of Smart Fitness Bottle Lite on a simple background,0,1,fixed_template,0.48,0.92,0.55,0.35,1.0,0.0,1.0,0.6302,0.657,,,,,,,,
T0020,bf40f9350843,B1_SingleShot_API,P003_01,price_sensitive_consumers,Smart Fitness Bottle Lite,"Stay hydrated, track temps, and save with our budget-friendly bottle.",Learn more,"Compare features of our clean, bright Smart Fitness Bottle Lite.",4,2720,,0.35,0.92,0.77,0.4583,1.0,0.0,0.8009,0.6778,0.6709,warm,value,comparison layout,clean bright,Learn more,detailed,budget pressure,
T0020,57028688d8bc,B2_OpenSource_Only,P003_01,price_sensitive_consumers,Smart Fitness Bottle Lite,"Stay hydrated, track temps, stylish & budget-friendly.",Compare options,"Compare sleek, affordable bottles with features like hydration reminders.",3,2533,,0.48,0.78,0.77,0.4583,1.0,0.0,0.7716,0.6608,0.6694,warm,convenience,comparison layout,clean bright,Compare options,short,budget pressure,
T0020,99b9b780a1e5,B3_PromptEngineered_AI,P003_01,price_sensitive_consumers,Smart Fitness Bottle Lite,"Stay hydrated, track temps, and boost habits without breaking the bank.",Compare options,Lifestyle scene with high contrast colors showing different bottle options,4,2779,,0.48,0.92,0.7,0.35,1.0,0.0,0.8755,0.6832,0.6765,practical,productivity,lifestyle scene,high contrast,Compare options,medium,budget pressure,
T0020,148cabb3a24c,Ours_EAI_CO,P003_01,price_sensitive_consumers,"Stay Hydrated, Save Money","Smart Fitness Bottle Lite tracks your hydration, reminds you to drink, and supports daily habits.",Compare Options,View different bottle features side by side for easy comparison.,8,11469,,0.61,0.92,0.82,0.4583,1.0,0.0,0.8571,0.7364,0.7437,playful,convenience,minimal poster,bold accent,Compare options,detailed,comparison shopping,
T0020,c63023ec6653,Ours_without_diversity,P003_01,price_sensitive_consumers,Stay hydrated on a budget with Smart Fitness Bottle Lite,"Track your hydration, set reminders, and stay cool with this stylish bottle.",Try today,"A sleek, stainless steel bottle with a temperature display and hydration reminder feature.",8,11534,,0.74,0.92,0.67,0.4583,1.0,0.0,0.0,0.7872,0.6883,practical,productivity,product-centered,clean bright,Try today,medium,budget pressure,
T0020,275580d56323,Ours_without_factual_penalty,P003_01,price_sensitive_consumers,Smart Fitness Bottle Lite - Stay Hydrated Anytime,"Track your hydration, check temp, and stay on track with ease. Perfect for busy lifestyles.",Shop Now,Elegant stainless steel bottle with sleek design and advanced features for your daily routine.,8,12396,,0.74,0.92,0.77,0.35,0.78,0.0,0.8571,0.7242,0.7214,premium,convenience,product-centered,clean bright,Shop now,detailed,budget pressure,
T0020,6b69d77d0ad8,Ours_without_iterative_loop,P003_01,price_sensitive_consumers,Smart Fitness Bottle Lite for Budget-Conscious Health Lovers,"Stay hydrated, track temps, and support daily habits with this practical, family-friendly bottle.",Learn More,"Clean, bright design fitness bottle with hydration reminder and temp display",4,5611,,0.74,0.92,0.67,0.4583,1.0,0.0,0.6667,0.7372,0.7336,practical,family benefit,product-centered,clean bright,Learn more,detailed,budget pressure,
T0020,34def2f0b930,Ours_without_audience_modeling,P003_01,general_consumers,Stay Hydrated with Smart Fitness Bottle Lite,"Track your hydration, set reminders, and stay cool with temp display.",Try today,"Bold colors, sleek design, easy-to-read temp",8,11075,,0.61,0.92,0.82,0.35,1.0,0.0,0.8571,0.7534,0.7291,playful,convenience,minimal poster,bold accent,Try today,short,unclear product value,
T0021,7f6227ea73de,B0_Template,P003_02,students,Smart Fitness Bottle Plus for everyday use,Discover a lifestyle option with hydration reminder.,Learn more,Clean product photo of Smart Fitness Bottle Plus on a simple background,0,1,fixed_template,0.48,0.92,0.55,0.35,1.0,0.0,1.0,0.6302,0.657,,,,,,,,
T0021,e74d2a9f513f,B1_SingleShot_API,P003_02,students,Smart Fitness Bottle Plus for Students,"Stay hydrated, stylish, and on-the-go with our smart bottle!",Learn more,"Boldly designed, temperature-displaying, easy-to-carry smart fitness bottle",4,3013,,0.61,0.92,0.67,0.35,1.0,0.0,0.8462,0.7104,0.7004,playful,value,product-centered,bold accent,Learn more,detailed,limited budget,
T0021,ed91ea787e2b,B2_OpenSource_Only,P003_02,students,Smart Fitness Bottle Plus,"Stay hydrated, stylishly! Compact, durable, and fun.",Shop now,"Compact, stylish bottle with temperature display",3,2555,,0.48,0.78,0.55,0.35,1.0,0.0,0.9009,0.6294,0.6266,playful,family benefit,product-centered,high contrast,Shop now,medium,small dorm space,
T0021,bfb5366b5674,B3_PromptEngineered_AI,P003_02,students,Stay Hydrated Anytime,"Perfect for busy students, track your hydration with ease.",Compare now,A student drinking from a smart fitness bottle while studying,4,2814,,0.48,0.92,0.82,0.5667,0.78,0.04,0.9009,0.6936,0.6697,practical,identity,lifestyle scene,bold accent,Compare options,detailed,busy schedule,
T0021,c0128f94ff2d,Ours_EAI_CO,P003_02,students,Stay Hydrated on a Budget,"Smart Fitness Bottle Plus keeps you hydrated with reminders, temp display, and leak-proof design.",Learn More,Compare features of the Smart Fitness Bottle Plus for practical value.,8,10501,,0.74,0.92,0.55,0.5667,1.0,0.0,0.7692,0.7438,0.7434,practical,value,comparison layout,high contrast,Learn more,detailed,limited budget,
T0021,1f3f72c9b192,Ours_without_diversity,P003_02,students,"Stay Hydrated, Stay Focused",Smart Fitness Bottle Plus keeps you on track with reminders and temp display.,Try Today,"A student sipping from a sleek, stainless steel bottle with a hydration reminder app on their phone.",8,11307,,0.74,0.92,0.82,0.35,1.0,0.0,0.0,0.7572,0.6872,playful,identity,minimal poster,bold accent,Try today,detailed,busy schedule,
T0021,ddf2e6699eb0,Ours_without_factual_penalty,P003_02,students,Stay Hydrated Anywhere with Smart Fitness Bottle Plus,"Perfect for students, this bottle offers reminders, temp display, & easy carry. Stainless steel, leak-proof, & budget-friendly.",Try Today,"A student drinking from a sleek, stainless steel bottle with a hydration reminder app on their phone",8,11693,,1.0,0.92,0.77,0.5667,0.78,0.0,0.7692,0.8178,0.8161,aspirational,convenience,product-centered,bold accent,Try today,detailed,limited budget,
T0021,a41bbd5b668f,Ours_without_iterative_loop,P003_02,students,Smart Fitness Bottle Plus for Students,"Stay hydrated, stylish, and on-the-go with our premium bottle.",Compare options,"Compare sleek, clean bottles with different features",4,5153,,0.35,0.92,0.77,0.35,1.0,0.0,0.9333,0.6448,0.6588,premium,identity,comparison layout,clean bright,Compare options,medium,limited budget,
T0021,0c183d0b109d,Ours_without_audience_modeling,P003_02,general_consumers,Stay Hydrated with Smart Fitness Bottle Plus,"Track your hydration, check temp, and stay stylish on-the-go.",Learn more,"A sleek, stainless steel bottle with a temperature display and easy carry loop.",8,11465,,0.87,0.92,0.67,0.35,1.0,0.0,0.7692,0.758,0.7538,practical,convenience,product-centered,bold accent,Learn more,medium,unclear product value,
T0022,4cbe71c98638,B0_Template,P003_02,young_professionals,Smart Fitness Bottle Plus for everyday use,Discover a lifestyle option with hydration reminder.,Learn more,Clean product photo of Smart Fitness Bottle Plus on a simple background,0,1,fixed_template,0.48,0.92,0.55,0.5667,1.0,0.0,1.0,0.6562,0.6959,,,,,,,,
T0022,e3daeb4855bb,B1_SingleShot_API,P003_02,young_professionals,"Stay Hydrated, Stay Focused","Smart Fitness Bottle Plus tracks your hydration, keeps you cool, and fits perfectly in your busy life.",Learn More,"A young professional sipping from a sleek, stainless steel bottle with a playful design.",4,3290,,0.61,0.92,0.82,0.4583,0.78,0.0,0.9302,0.7144,0.7241,playful,family benefit,minimal poster,bold accent,Learn more,detailed,time pressure,
T0022,07fddae07a00,B2_OpenSource_Only,P003_02,young_professionals,"Stay Hydrated, Stay Focused","Smart Fitness Bottle Plus keeps you hydrated with reminders, easy to carry, stylish and durable.",Try Today,"A young professional sipping water in a busy office, bottle prominently displayed",3,3263,,0.74,0.92,0.8,0.35,1.0,0.0,0.9302,0.7728,0.7613,warm,value,lifestyle scene,high contrast,Try today,medium,time pressure,
T0022,e555f4cb1179,B3_PromptEngineered_AI,P003_02,young_professionals,Smart Fitness Bottle Plus,"Stay hydrated, track temps, and stay stylish with our smart bottle.",Shop now,"Warm neutral tones, sleek design for busy professionals",4,2668,,0.35,0.92,0.55,0.35,1.0,0.0,0.9556,0.6464,0.6301,practical,productivity,comparison layout,warm neutral,Shop now,short,work-life balance,
T0022,3e3a0523e857,Ours_EAI_CO,P003_02,young_professionals,"Stay Hydrated, Stay Sharp","Premium smart bottle with temp display, stainless steel, leak-proof, easy to carry.",Learn More,"A sleek, high-contrast smart fitness bottle on a desk next to a laptop, reflecting a young professional balancing work and wellness.",8,12063,,0.87,0.92,0.65,0.4583,1.0,0.0,0.7692,0.7666,0.7697,premium,identity,product-centered,high contrast,Learn more,detailed,work-life balance,
T0022,8752255b0a7a,Ours_without_diversity,P003_02,young_professionals,"Stay Hydrated, Stay Focused","Premium smart bottle with reminders, temp display, & easy carry.",Shop Now,"Clean bright design, sleek stainless steel, easy to carry",8,10626,,0.87,0.92,0.92,0.35,1.0,0.0,0.0,0.833,0.7393,premium,value,minimal poster,clean bright,Shop now,medium,work-life balance,
T0022,ebf2c0742efe,Ours_without_factual_penalty,P003_02,young_professionals,Stay Hydrated Anywhere with Smart Fitness Bottle Plus,"The ultimate hydration companion for busy professionals. Stainless steel, temperature display, and leak-proof design.",Try Today,"A young professional sipping from a sleek, stainless steel bottle in a busy office setting",8,12163,,0.87,0.92,0.7,0.35,0.78,0.0,0.8571,0.7426,0.7406,practical,family benefit,lifestyle scene,warm neutral,Try today,detailed,work-life balance,
T0022,e850a1d99793,Ours_without_iterative_loop,P003_02,young_professionals,"Stay Hydrated, On Time","Smart Fitness Bottle Plus keeps you hydrated with reminders, easy to carry, stylish & leak-free.",Try Today,"Young professional sipping water in a busy office, bottle on desk",4,6155,,0.74,0.92,0.82,0.4583,1.0,0.0,0.7692,0.7702,0.7681,playful,convenience,lifestyle scene,bold accent,Try today,short,time pressure,
T0022,0c183d0b109d,Ours_without_audience_modeling,P003_02,general_consumers,Stay Hydrated with Smart Fitness Bottle Plus,"Track your hydration, check temp, and stay stylish on-the-go.",Learn more,"A sleek, stainless steel bottle with a temperature display and easy carry loop.",8,11425,,0.87,0.92,0.67,0.35,1.0,0.0,0.7692,0.758,0.7538,practical,convenience,product-centered,bold accent,Learn more,medium,unclear product value,
T0023,7d545373afdc,B0_Template,P003_02,family_users,Smart Fitness Bottle Plus for everyday use,Discover a lifestyle option with hydration reminder.,Learn more,Clean product photo of Smart Fitness Bottle Plus on a simple background,0,1,fixed_template,0.48,0.92,0.55,0.4583,1.0,0.0,1.0,0.6432,0.6764,,,,,,,,
T0023,18bfc57775e7,B1_SingleShot_API,P003_02,family_users,"Stay Hydrated, Stay Safe","Premium smart bottle with reminders, temp display, and leak-proof design.",Shop Now,Compare features of the Smart Fitness Bottle Plus,4,2559,,0.74,0.92,0.65,0.35,1.0,0.0,0.8755,0.7398,0.7306,premium,productivity,comparison layout,warm neutral,Shop now,short,safety concerns,
T0023,609330fa17c7,B2_OpenSource_Only,P003_02,family_users,"Stay Hydrated, Stay Active","Smart Fitness Bottle Plus keeps you hydrated with reminders, shows temp, and stays leak-free for easy carrying.",Try Today,A family enjoying outdoor activities with the Smart Fitness Bottle Plus,3,3230,,0.74,0.92,0.77,0.5667,1.0,0.0,0.8462,0.7922,0.7881,warm,productivity,product-centered,clean bright,Try today,detailed,safety concerns,
T0023,6e3e95371c91,B3_PromptEngineered_AI,P003_02,family_users,Smart Fitness Bottle Plus,"Stay hydrated with reminders, easy to carry, stylish design.",Try today,A family enjoying outdoor activities with the Smart Fitness Bottle Plus,4,2653,,0.61,0.92,0.92,0.5667,1.0,0.0,0.8755,0.8014,0.7869,premium,convenience,lifestyle scene,clean bright,Try today,medium,family routines,
T0023,eb4d7031b559,Ours_EAI_CO,P003_02,family_users,Stay Hydrated with Smart Fitness Bottle Plus,"Family-friendly bottle with reminders, temp display, and easy carry.",Shop Now,"Compare features of the Smart Fitness Bottle Plus in a bold, playful design.",8,10890,,0.74,0.92,0.67,0.5667,1.0,0.0,0.8571,0.7502,0.7683,playful,family benefit,comparison layout,bold accent,Shop now,detailed,limited time,
T0023,1e277360bed6,Ours_without_diversity,P003_02,family_users,Stay Hydrated Anytime,"Smart bottle with reminders, temp display, durable & easy to carry.",Try Today,Family enjoying outdoor activities with the Smart Fitness Bottle Plus,8,11361,,0.74,0.92,0.8,0.675,1.0,0.0,0.0,0.8118,0.7451,warm,value,lifestyle scene,high contrast,Try today,short,limited time,
T0023,003943ffcac4,Ours_without_factual_penalty,P003_02,family_users,Smart Fitness Bottle Plus,"Stay hydrated with reminders, temp display. Stainless, leak-free, easy to carry.",Compare now,Family enjoying outdoor activities with the Smart Fitness Bottle Plus,8,10929,,1.0,0.92,0.65,0.5667,1.0,0.0,0.7692,0.8134,0.8205,aspirational,family benefit,product-centered,warm neutral,Compare options,short,safety concerns,
T0023,03f671b3b821,Ours_without_iterative_loop,P003_02,family_users,"Stay Hydrated, Stay Happy",Smart Fitness Bottle Plus keeps your family hydrated with reminders and easy carry.,Learn More,Compare features of our smart bottle designed for family routines.,4,5299,,0.61,0.92,0.77,0.5667,1.0,0.0,0.8571,0.7584,0.7576,warm,value,comparison layout,bold accent,Learn more,detailed,family routines,
T0023,0c183d0b109d,Ours_without_audience_modeling,P003_02,general_consumers,Stay Hydrated with Smart Fitness Bottle Plus,"Track your hydration, check temp, and stay stylish on-the-go.",Learn more,"A sleek, stainless steel bottle with a temperature display and easy carry loop.",8,11407,,0.87,0.92,0.67,0.4583,1.0,0.0,0.7692,0.771,0.7732,practical,convenience,product-centered,bold accent,Learn more,medium,unclear product value,
T0024,e73ac0769718,B0_Template,P003_02,price_sensitive_consumers,Smart Fitness Bottle Plus for everyday use,Discover a lifestyle option with hydration reminder.,Learn more,Clean product photo of Smart Fitness Bottle Plus on a simple background,0,1,fixed_template,0.48,0.92,0.55,0.35,1.0,0.0,1.0,0.6302,0.657,,,,,,,,
T0024,68fead524687,B1_SingleShot_API,P003_02,price_sensitive_consumers,Smart Fitness Bottle Plus,"Stay hydrated, track temps, stylish & durable.",Learn more,Compare features with other bottles,4,2102,,0.35,0.78,0.8,0.35,1.0,0.0,0.9009,0.6406,0.6374,premium,value,lifestyle scene,warm neutral,Learn more,medium,comparison shopping,
T0024,b922fad0fb75,B2_OpenSource_Only,P003_02,price_sensitive_consumers,Smart Fitness Bottle Plus,"Stay hydrated, track temps, and save with our durable bottle.",Try today,"Compare features of our bold, budget-friendly Smart Fitness Bottle Plus.",3,2822,,0.35,0.92,0.67,0.4583,1.0,0.0,0.8263,0.6858,0.6602,practical,productivity,comparison layout,bold accent,Try today,detailed,budget pressure,
T0024,f96b6079818f,B3_PromptEngineered_AI,P003_02,price_sensitive_consumers,Stay Hydrated on a Budget,"Smart Fitness Bottle Plus keeps you hydrated with reminders and temp display. Stainless, leak-free, easy to carry.",Try Today,"A stylish, bold-colored bottle in a casual outdoor setting",4,3306,,1.0,0.92,0.82,0.4583,1.0,0.0,0.7716,0.8578,0.8343,playful,value,lifestyle scene,bold accent,Try today,detailed,budget pressure,
T0024,ab32a56f12fe,Ours_EAI_CO,P003_02,price_sensitive_consumers,Smart Fitness Bottle Plus,"Stay hydrated, on budget. Temperature display, stainless steel, leak-proof.",Try today,"Minimal poster with high contrast colors, playful style.",8,11883,,0.74,0.92,0.7,0.4583,1.0,0.0,0.5455,0.7938,0.7372,playful,value,minimal poster,high contrast,Try today,medium,budget pressure,
T0024,dee58695f65e,Ours_without_diversity,P003_02,price_sensitive_consumers,Stay hydrated on a budget with Smart Fitness Bottle Plus,"Affordable smart bottle tracks your hydration, shows temp, and keeps you stylishly hydrated.",Shop now,A family enjoying outdoor activities with the Smart Fitness Bottle Plus in hand,8,10407,,0.48,0.92,0.92,0.4583,1.0,0.0,0.0,0.7546,0.6661,aspirational,family benefit,lifestyle scene,bold accent,Shop now,detailed,budget pressure,
T0024,e271d859b704,Ours_without_factual_penalty,P003_02,price_sensitive_consumers,Smart Fitness Bottle Plus,"Hydration made easy. Stainless steel, temp display, leak-proof.",Shop now,Compare features with other bottles for ultimate hydration.,8,12433,,1.0,0.92,0.7,0.35,0.78,0.0,0.8571,0.8264,0.78,practical,value,minimal poster,warm neutral,Shop now,medium,comparison shopping,
T0024,92d0a13a0cfd,Ours_without_iterative_loop,P003_02,price_sensitive_consumers,Smart Fitness Bottle Plus,"Stay hydrated, track temps, stylish & portable.",Compare options,"Clean, bright design with hydration stats.",4,5077,,0.48,0.78,0.92,0.35,1.0,0.0,0.5455,0.7008,0.6614,premium,productivity,minimal poster,clean bright,Compare options,short,comparison shopping,
T0024,0c183d0b109d,Ours_without_audience_modeling,P003_02,general_consumers,Stay Hydrated with Smart Fitness Bottle Plus,"Track your hydration, check temp, and stay stylish on-the-go.",Learn more,"A sleek, stainless steel bottle with a temperature display and easy carry loop.",8,11357,,0.87,0.92,0.67,0.35,1.0,0.0,0.7692,0.758,0.7538,practical,convenience,product-centered,bold accent,Learn more,medium,unclear product value,
T0025,b658cd2aa650,B0_Template,P004_01,students,Noise-Cancelling Earbuds Lite for everyday use,Discover a audio option with long battery life.,Learn more,Clean product photo of Noise-Cancelling Earbuds Lite on a simple background,0,1,fixed_template,0.61,0.92,0.55,0.35,1.0,0.0,1.0,0.664,0.6884,,,,,,,,
T0025,f3ab4b238bbe,B1_SingleShot_API,P004_01,students,Noise-Cancelling Earbuds Lite,"Long battery, clear calls, low-latency. Perfect for students on a budget.",Compare options,"Explore our range of Noise-Cancelling Earbuds Lite in bold colors, designed for students who value style and sound.",4,3675,,0.87,0.92,0.67,0.5667,0.78,0.04,0.9048,0.762,0.738,playful,identity,product-centered,bold accent,Compare options,detailed,limited budget,
T0025,0e1381e59d9a,B2_OpenSource_Only,P004_01,students,Noise-Cancelling Earbuds Lite,"Long battery, clear calls, low-latency. Perfect for students.",Try today,"Comfortable, sleek earbuds in warm neutral tones",3,2931,,0.87,0.92,0.8,0.35,0.78,0.04,0.8755,0.7946,0.7244,premium,convenience,minimal poster,warm neutral,Try today,short,limited budget,
T0025,d2836748ed5b,B3_PromptEngineered_AI,P004_01,students,Noise-Cancelling Earbuds Lite for Busy Students,"Stay focused with long battery life, clear calls, and active noise cancellation.",Try today,Students studying in a quiet library with earbuds on,4,3179,,0.74,0.92,0.55,0.5667,1.0,0.0,0.8755,0.7738,0.7567,practical,productivity,comparison layout,warm neutral,Try today,detailed,busy schedule,
T0025,cbbc791a4449,Ours_EAI_CO,P004_01,students,"Noise-Free Studying, Budget-Friendly",Stay focused with clear calls & noise cancellation. Lightweight & long-lasting.,Try today,"Students wearing Noise-Cancelling Earbuds Lite in a clean, bright setting",8,12160,,0.87,0.92,0.67,0.675,1.0,0.0,0.7692,0.827,0.8169,playful,identity,product-centered,clean bright,Try today,medium,limited budget,
T0025,963bf22616b7,Ours_without_diversity,P004_01,students,Noise-Cancelling Earbuds Lite for Students,"Stay focused with long battery, clear calls, and active noise cancellation.",Shop now,Students studying in a busy library with earbuds on,8,12251,,0.74,0.92,0.67,0.5667,1.0,0.0,0.0,0.8002,0.7077,practical,productivity,comparison layout,clean bright,Shop now,medium,busy schedule,
T0025,920c76cc3cc3,Ours_without_factual_penalty,P004_01,students,Noise-Cancelling Earbuds Lite for Students,"Stay focused in small spaces with long battery, clear calls & low-latency.",Compare now,Students studying in a quiet library,8,12409,,0.87,0.92,0.7,0.5667,1.0,0.0,0.7692,0.7906,0.7979,practical,identity,lifestyle scene,high contrast,Compare options,short,small dorm space,
T0025,7125aff14878,Ours_without_iterative_loop,P004_01,students,"Noise-Free Studying, Budget-Friendly","Stay focused with long battery, clear calls & noise cancellation. Perfect for students.",Try today,"Student wearing earbuds in library, studying",4,6187,,0.74,0.92,0.82,0.675,0.78,0.04,0.7692,0.8042,0.7462,playful,convenience,minimal poster,bold accent,Try today,medium,limited budget,
T0025,7f103c755cfd,Ours_without_audience_modeling,P004_01,general_consumers,Noise-Cancelling Earbuds Lite,Experience crystal clear calls & active noise cancellation. Lightweight & long battery life.,Try today,Comfortable earbuds with active noise cancellation in a busy city,8,11958,,0.87,0.92,0.7,0.4583,1.0,0.0,0.7692,0.8076,0.7833,practical,family benefit,minimal poster,high contrast,Try today,detailed,unclear product value,
T0026,648c8a4bd173,B0_Template,P004_01,young_professionals,Noise-Cancelling Earbuds Lite for everyday use,Discover a audio option with long battery life.,Learn more,Clean product photo of Noise-Cancelling Earbuds Lite on a simple background,0,1,fixed_template,0.61,0.92,0.55,0.4583,1.0,0.0,1.0,0.677,0.7079,,,,,,,,
T0026,1bda095c5e39,B1_SingleShot_API,P004_01,young_professionals,Noise-Cancelling Earbuds Lite for Clear Calls,"Experience premium sound with long battery life, active noise cancellation, and lightweight design.",Try Today,"Capture the essence of a balanced work-life with our sleek, bright earbuds.",4,3222,,0.87,0.92,0.92,0.4583,1.0,0.0,0.8755,0.846,0.8287,premium,value,minimal poster,clean bright,Try today,detailed,work-life balance,
T0026,70df8bbbabc6,B2_OpenSource_Only,P004_01,young_professionals,Noise-Free Commute,Stay focused with clear calls & active noise cancellation.,Shop Now,A young professional wearing earbuds while commuting on a busy city street,3,2696,,0.61,0.78,0.8,0.4583,1.0,0.0,0.9302,0.7212,0.7219,warm,value,lifestyle scene,high contrast,Shop now,short,commuting,
T0026,b42f70f0c9aa,B3_PromptEngineered_AI,P004_01,young_professionals,Noise-Cancelling Earbuds Lite,"Stay focused with long battery life, clear calls, and active noise cancellation.",Try today,Experience seamless sound in any environment.,4,2728,,0.74,0.92,0.55,0.4583,1.0,0.0,0.9009,0.7408,0.7361,practical,family benefit,product-centered,warm neutral,Try today,detailed,time pressure,
T0026,3b4bbf3a7a16,Ours_EAI_CO,P004_01,young_professionals,Stay Focused with Clear Calls,"Noise-Cancelling Earbuds Lite offer long battery life, clear calls, and low-latency mode for commuting convenience.",Try Today,"A young professional wearing Noise-Cancelling Earbuds Lite, listening to music on a train",8,12554,,0.87,0.92,0.92,0.675,1.0,0.0,0.7692,0.852,0.8559,warm,convenience,lifestyle scene,clean bright,Try today,detailed,commuting,
T0026,3a458964ac71,Ours_without_diversity,P004_01,young_professionals,Experience Clear Calls & Noise-Free Listening,"Long battery life, active noise cancellation, lightweight design, and low-latency mode for young professionals.",Learn more,"A young professional wearing Noise-Cancelling Earbuds Lite in a busy office, focusing intently on their work.",8,12530,,1.0,0.92,0.92,0.4583,1.0,0.0,0.0,0.8598,0.7869,aspirational,identity,lifestyle scene,bold accent,Learn more,medium,time pressure,
T0026,918712a73f11,Ours_without_factual_penalty,P004_01,young_professionals,Noise-Cancelling Earbuds Lite - Ultimate Comfort & Clarity,"Experience perfect sound, zero noise, and crystal clear calls with our lightweight, long-lasting earbuds.",Compare Options,"Explore the difference with our warm neutral design, ideal for commuting.",8,13189,,0.87,0.92,0.55,0.4583,0.78,0.0,0.7692,0.7226,0.7267,practical,family benefit,comparison layout,warm neutral,Compare options,detailed,commuting,
T0026,51a2ef766a1f,Ours_without_iterative_loop,P004_01,young_professionals,Noise-Cancelling Earbuds Lite for Clear Focus,"Stay focused with long battery, noise cancellation, and clear calls.",Learn more,Compare features of Noise-Cancelling Earbuds Lite,4,5710,,0.74,0.92,0.65,0.35,1.0,0.0,0.7692,0.7398,0.7221,warm,value,comparison layout,high contrast,Learn more,short,work-life balance,
T0026,cca9c0ed37b7,Ours_without_audience_modeling,P004_01,general_consumers,Noise-Cancelling Earbuds Lite,"Long battery life, clear calls, low-latency mode.",Try today,Experience crystal clear sound in any environment.,8,11920,,0.87,0.92,0.7,0.4583,1.0,0.0,0.7692,0.8076,0.7833,practical,family benefit,minimal poster,high contrast,Try today,short,unclear product value,
T0027,c0228166d26b,B0_Template,P004_01,family_users,Noise-Cancelling Earbuds Lite for everyday use,Discover a audio option with long battery life.,Learn more,Clean product photo of Noise-Cancelling Earbuds Lite on a simple background,0,1,fixed_template,0.61,0.92,0.55,0.4583,1.0,0.0,1.0,0.677,0.7079,,,,,,,,
T0027,9ec2e1f23117,B1_SingleShot_API,P004_01,family_users,Noise-Cancelling Earbuds Lite for Family Routines,"Enjoy clear calls, quiet moments, and seamless music with long battery life.",Compare options,See how our earbuds fit your family's busy lifestyle,4,3218,,0.74,0.92,0.77,0.4583,1.0,0.0,0.9302,0.7592,0.7722,warm,convenience,comparison layout,bold accent,Compare options,short,family routines,
T0027,3a1de028087f,B2_OpenSource_Only,P004_01,family_users,Noise-Cancelling Earbuds Lite,Stay focused with clear calls & active noise cancellation. Long battery life & lightweight design.,Shop now,Experience crystal clear sound in any environment,3,2866,,0.87,0.92,0.55,0.4583,1.0,0.0,0.8755,0.7946,0.7687,playful,productivity,product-centered,high contrast,Shop now,short,limited time,
T0027,ddf13e67f199,B3_PromptEngineered_AI,P004_01,family_users,Noise-Cancelling Earbuds Lite,Experience crystal clear calls & seamless music with long battery life.,Shop now,"Family enjoying a quiet moment together in a clean, bright setting",4,2889,,0.74,0.92,0.92,0.4583,1.0,0.0,0.9009,0.8222,0.801,aspirational,identity,lifestyle scene,clean bright,Shop now,detailed,limited time,
T0027,6d44d98501aa,Ours_EAI_CO,P004_01,family_users,Noise-Cancelling Earbuds for Family Routines,"Enjoy clear calls, balanced sound, and long battery life for family activities.",Try today,Family members listening to music together in a busy kitchen,8,12022,,0.74,0.92,0.77,0.4583,1.0,0.0,0.9333,0.7892,0.7773,warm,family benefit,comparison layout,clean bright,Try today,medium,family routines,
T0027,5b0f61dd953e,Ours_without_diversity,P004_01,family_users,Noise-Cancelling Earbuds Lite for Clear Calls,"Experience premium sound with long battery life, active noise cancellation, and lightweight design.",Learn more,Comfortable earbuds with clear call quality in a high-contrast layout,8,12219,,0.87,0.92,0.8,0.35,1.0,0.0,0.0,0.7866,0.7151,premium,convenience,minimal poster,high contrast,Learn more,detailed,safety concerns,
T0027,107c1aaf32f1,Ours_without_factual_penalty,P004_01,family_users,Noise-Cancelling Earbuds Lite for Clear Family Calls,Experience crystal clear calls with long battery life & active noise cancellation. Perfect for family safety.,Compare now,Family enjoying outdoor activities while listening to music without distractions,8,12663,,0.74,0.92,0.92,0.5667,0.78,0.0,0.9333,0.7832,0.7926,warm,family benefit,lifestyle scene,clean bright,Compare options,medium,safety concerns,
T0027,44f872306c56,Ours_without_iterative_loop,P004_01,family_users,Noise-Cancelling Earbuds Lite for Your Family,"Enjoy clear calls, active noise cancellation, and long battery life in lightweight design.",Compare options,Explore family-friendly features with bold accents for a better listening experience.,4,6039,,0.87,0.92,0.77,0.4583,1.0,0.0,0.7692,0.793,0.7908,aspirational,family benefit,product-centered,bold accent,Compare options,detailed,limited time,
T0027,cca9c0ed37b7,Ours_without_audience_modeling,P004_01,general_consumers,Noise-Cancelling Earbuds Lite,"Long battery life, clear calls, low-latency mode.",Try today,Experience crystal clear sound in any environment.,8,12110,,0.87,0.92,0.7,0.35,1.0,0.0,0.7692,0.7946,0.7639,practical,family benefit,minimal poster,high contrast,Try today,short,unclear product value,
T0028,eca38975ca1c,B0_Template,P004_01,price_sensitive_consumers,Noise-Cancelling Earbuds Lite for everyday use,Discover a audio option with long battery life.,Learn more,Clean product photo of Noise-Cancelling Earbuds Lite on a simple background,0,1,fixed_template,0.61,0.92,0.55,0.35,1.0,0.0,1.0,0.664,0.6884,,,,,,,,
T0028,4955783face6,B1_SingleShot_API,P004_01,price_sensitive_consumers,Noise-Cancelling Earbuds Lite,"Long battery, clear calls, light & comfy. Shop now!",Shop now,Elegant earbuds in warm neutral tones,4,2802,,0.74,0.92,0.8,0.4583,1.0,0.0,0.7716,0.7958,0.7696,aspirational,identity,minimal poster,warm neutral,Shop now,short,comparison shopping,
T0028,8d8207fd4dd0,B2_OpenSource_Only,P004_01,price_sensitive_consumers,Noise-Cancelling Earbuds Lite,"Long battery, clear calls, low-latency. Stay connected without the noise.",Learn more,"Elegant earbuds in hand, clean background",3,2987,,0.87,0.92,0.77,0.4583,1.0,0.0,0.8462,0.793,0.7969,warm,identity,product-centered,clean bright,Learn more,short,risk avoidance,
T0028,c67d965b0153,B3_PromptEngineered_AI,P004_01,price_sensitive_consumers,Noise-Cancelling Earbuds Lite,"Long battery life, clear calls, low-latency. Stay connected without compromise.",Learn more,"Elegant design, sleek lines, high contrast colors",4,3015,,0.87,0.92,0.8,0.4583,1.0,0.0,0.7716,0.7996,0.7962,aspirational,identity,minimal poster,high contrast,Learn more,detailed,comparison shopping,
T0028,bea008b30083,Ours_EAI_CO,P004_01,price_sensitive_consumers,Noise-Cancelling Earbuds Lite,"Long battery, clear calls, low-latency. Budget-friendly premium sound.",Compare options,"Elegant earbuds with a bold accent color, highlighting key features.",8,11284,,0.87,0.92,0.92,0.5667,1.0,0.0,0.7692,0.859,0.8396,premium,value,minimal poster,bold accent,Compare options,short,budget pressure,
T0028,d2519fc15b2d,Ours_without_diversity,P004_01,price_sensitive_consumers,Noise-Cancelling Earbuds Lite,"Long battery life, active noise cancellation, lightweight, clear calls, low-latency mode.",Compare options,Explore different models side by side for a seamless shopping experience.,8,12158,,1.0,0.92,0.82,0.5667,1.0,0.0,0.0,0.8508,0.7888,practical,convenience,lifestyle scene,bold accent,Compare options,detailed,comparison shopping,
T0028,e338feb733c1,Ours_without_factual_penalty,P004_01,price_sensitive_consumers,Noise-Cancelling Earbuds Lite - Best Ever,"Long battery, clear calls, low-latency. Ultimate convenience for less.",Learn more,Experience ultimate clarity and comfort with our Noise-Cancelling Earbuds Lite.,8,11835,,0.87,0.92,0.77,0.4583,0.78,0.0,0.8571,0.771,0.7723,warm,convenience,product-centered,clean bright,Learn more,medium,risk avoidance,
T0028,ccd4cdedf2c3,Ours_without_iterative_loop,P004_01,price_sensitive_consumers,Noise-Cancelling Earbuds Lite,"Long battery life, clear calls, low-latency mode. Stay connected, stress-free.",Learn more,"Premium design with high contrast colors, minimalistic layout.",4,5890,,0.87,0.92,0.8,0.4583,1.0,0.0,0.9333,0.7996,0.8091,premium,identity,minimal poster,high contrast,Learn more,detailed,risk avoidance,
T0028,cca9c0ed37b7,Ours_without_audience_modeling,P004_01,general_consumers,Noise-Cancelling Earbuds Lite,"Long battery life, clear calls, low-latency mode.",Try today,Experience crystal clear sound in any environment.,8,11935,,0.87,0.92,0.7,0.4583,1.0,0.0,0.7692,0.8076,0.7833,practical,family benefit,minimal poster,high contrast,Try today,short,unclear product value,
T0029,dfa21f171409,B0_Template,P004_02,students,Noise-Cancelling Earbuds Plus for everyday use,Discover a audio option with long battery life.,Learn more,Clean product photo of Noise-Cancelling Earbuds Plus on a simple background,0,1,fixed_template,0.61,0.92,0.55,0.35,1.0,0.0,1.0,0.664,0.6884,,,,,,,,
T0029,c4f133ec0f85,B1_SingleShot_API,P004_02,students,Noise-Cancelling Earbuds for Students,"Stay focused in small spaces with long battery, clear calls.",Learn More,"Warm neutral colors, family studying together",4,2521,,0.74,0.92,0.65,0.5667,1.0,0.0,0.8755,0.7458,0.7662,warm,family benefit,product-centered,warm neutral,Learn more,short,small dorm space,
T0029,326f34745bb2,B2_OpenSource_Only,P004_02,students,"Stay Focused, Stay Sound","Long battery, cancel noise, light & clear, stable Bluetooth.",Try Today,Students listening to earbuds in a busy library,3,2763,,0.87,0.92,0.77,0.4583,1.0,0.0,0.812,0.793,0.7942,warm,convenience,comparison layout,clean bright,Try today,short,busy schedule,
T0029,d72fff023157,B3_PromptEngineered_AI,P004_02,students,Noise-Cancelling Earbuds Plus for Students,"Long battery life, clear calls, and stable Bluetooth in a compact design.",Try today,Elegant earbuds in a dorm room with books and headphones,4,3164,,0.87,0.92,0.77,0.4583,1.0,0.0,0.8413,0.843,0.8045,premium,value,comparison layout,clean bright,Try today,medium,small dorm space,
T0029,35ce2969fbcf,Ours_EAI_CO,P004_02,students,Noise-Cancelling Earbuds Plus for Students,"Stay focused in small spaces with long battery, clear calls, and stable Bluetooth.",Learn more,Student studying in a quiet library with earbuds on,8,10590,,0.87,0.92,0.8,0.5667,1.0,0.0,0.7692,0.8326,0.8186,premium,productivity,lifestyle scene,high contrast,Learn more,medium,small dorm space,
T0029,1ceb1bafbd77,Ours_without_diversity,P004_02,students,Experience Clear Calls in Comfort,Noise-Cancelling Earbuds Plus offer long battery life and stability for students.,Learn More,"Relaxing in a cozy dorm with earbuds on, enjoying clear calls and peaceful study.",8,11633,,0.74,0.92,0.8,0.5667,1.0,0.0,0.0,0.7788,0.7225,aspirational,convenience,lifestyle scene,warm neutral,Learn more,detailed,small dorm space,
T0029,95389130044e,Ours_without_factual_penalty,P004_02,students,"Noise-Free Studying, Anytime","Stay focused with long battery, clear calls & stable Bluetooth.",Compare Now,"Students in a busy library, using earbuds to block out distractions",8,10616,,0.87,0.92,0.92,0.5667,1.0,0.0,0.8571,0.839,0.8435,warm,convenience,lifestyle scene,clean bright,Compare options,medium,busy schedule,
T0029,3d87214da629,Ours_without_iterative_loop,P004_02,students,Noise-Cancelling Earbuds for Students,Enjoy clear calls & music with long battery life.,Try Today,Students listening to music with earbuds in a library,4,5574,,0.74,0.92,0.92,0.35,1.0,0.0,0.6667,0.7792,0.758,aspirational,family benefit,minimal poster,bold accent,Try today,medium,limited budget,
T0029,e7f394626534,Ours_without_audience_modeling,P004_02,general_consumers,Experience Clear Sound with Noise-Cancelling Earbuds Plus,"Enjoy long battery life, clear calls, and stable Bluetooth in lightweight design.",Try today,Compare features of Noise-Cancelling Earbuds Plus with other earbuds,8,11765,,1.0,0.92,0.65,0.35,1.0,0.0,0.6667,0.8174,0.7783,aspirational,convenience,comparison layout,high contrast,Try today,medium,unclear product value,
T0030,41688af71877,B0_Template,P004_02,young_professionals,Noise-Cancelling Earbuds Plus for everyday use,Discover a audio option with long battery life.,Learn more,Clean product photo of Noise-Cancelling Earbuds Plus on a simple background,0,1,fixed_template,0.61,0.92,0.55,0.4583,1.0,0.0,1.0,0.677,0.7079,,,,,,,,
T0030,bb41b11ab6e8,B1_SingleShot_API,P004_02,young_professionals,"Stay Focused, Stay Stylish","Long battery, noise canceling, light & clear. Perfect for busy pros.",Compare Now,"Elegant earbuds in hand, urban commute background",4,2861,,0.74,0.92,0.8,0.35,0.78,0.04,0.9048,0.7508,0.6937,aspirational,productivity,minimal poster,high contrast,Compare options,medium,work-life balance,
T0030,32be28a28696,B2_OpenSource_Only,P004_02,young_professionals,Noise-Free Commute,"Stay focused with clear calls & noise cancellation. Long battery, lightweight design.",Try today,A young professional wearing earbuds while commuting on a train,3,2841,,0.87,0.92,0.8,0.4583,1.0,0.0,0.8755,0.8296,0.8093,warm,convenience,minimal poster,warm neutral,Try today,detailed,commuting,
T0030,79a0c6d7cb23,B3_PromptEngineered_AI,P004_02,young_professionals,Noise-Cancelling Earbuds Plus for Young Professionals,Experience premium sound with long battery life and clear calls.,Learn more,"Elegant earbuds in hand, commuting on city streets",4,2998,,0.74,0.92,0.65,0.5667,1.0,0.0,0.8755,0.7458,0.7662,premium,identity,comparison layout,warm neutral,Learn more,medium,commuting,
T0030,c7175bb22e87,Ours_EAI_CO,P004_02,young_professionals,Stay Focused with Noise-Cancelling Earbuds Plus,"Long battery life, clear calls, and stable Bluetooth for a productive commute.",Compare options,A young professional wearing earbuds while working on a laptop in a bustling city,8,11358,,0.87,0.92,0.92,0.4583,1.0,0.0,0.7692,0.846,0.8202,aspirational,productivity,lifestyle scene,clean bright,Compare options,medium,commuting,
T0030,c2016031a921,Ours_without_diversity,P004_02,young_professionals,Experience Clear Calls & Quiet Commute,Noise-Cancelling Earbuds Plus for long-lasting comfort.,Try Today,"A young professional wearing earbuds, commuting on a busy city street",8,10937,,0.74,0.92,0.92,0.4583,1.0,0.0,0.0,0.7922,0.7241,aspirational,family benefit,lifestyle scene,bold accent,Try today,short,work-life balance,
T0030,06b41c1a02cb,Ours_without_factual_penalty,P004_02,young_professionals,Experience Ultimate Sound with Earbuds Plus,"Long battery, noise canceling, light & clear, top Bluetooth stability.",Compare Now,"A young professional in a bustling city, earbuds on, enjoying clear calls and serene surroundings.",8,11778,,0.87,0.92,0.82,0.35,0.78,0.0,0.7692,0.789,0.7578,playful,value,lifestyle scene,bold accent,Compare options,short,time pressure,
T0030,a60ec226284c,Ours_without_iterative_loop,P004_02,young_professionals,Noise-Cancelling Earbuds Plus for Busy Professionals,"Stay focused with long battery, clear calls & stable Bluetooth.",Shop now,Busy professional using earbuds in a bustling office,4,5620,,0.87,0.92,0.77,0.35,1.0,0.0,0.7692,0.81,0.7761,premium,family benefit,comparison layout,clean bright,Shop now,short,time pressure,
T0030,e7f394626534,Ours_without_audience_modeling,P004_02,general_consumers,Experience Clear Sound with Noise-Cancelling Earbuds Plus,"Enjoy long battery life, clear calls, and stable Bluetooth in lightweight design.",Try today,Compare features of Noise-Cancelling Earbuds Plus with other earbuds,8,11946,,1.0,0.92,0.65,0.4583,1.0,0.0,0.6667,0.8304,0.7977,aspirational,convenience,comparison layout,high contrast,Try today,medium,unclear product value,
T0031,6a9504e117c4,B0_Template,P004_02,family_users,Noise-Cancelling Earbuds Plus for everyday use,Discover a audio option with long battery life.,Learn more,Clean product photo of Noise-Cancelling Earbuds Plus on a simple background,0,1,fixed_template,0.61,0.92,0.55,0.4583,1.0,0.0,1.0,0.677,0.7079,,,,,,,,
T0031,a786b7e85bfe,B1_SingleShot_API,P004_02,family_users,Noise-Cancelling Earbuds Plus for Family Routines,"Enjoy clear calls, stable Bluetooth, and long battery life in comfort.",Learn More,Experience the perfect blend of sound and comfort for your family.,4,2938,,0.87,0.92,0.65,0.4583,0.78,0.0,0.9302,0.7646,0.7603,warm,value,product-centered,high contrast,Learn more,medium,family routines,
T0031,a518191022aa,B2_OpenSource_Only,P004_02,family_users,Noise-Cancelling Earbuds Plus,"Long battery, clear calls, stable Bluetooth. Perfect for family fun!",Shop now,Compare features with other earbuds,3,2715,,0.87,0.92,0.55,0.4583,0.78,0.04,0.9048,0.7526,0.7023,playful,convenience,comparison layout,high contrast,Shop now,short,safety concerns,
T0031,7a3c1ccad0ec,B3_PromptEngineered_AI,P004_02,family_users,Experience Clear Calls & Noise-Free Listening,Stay connected with clear calls and enjoy noise-free music. Perfect for family users.,Try Today,A family walking in a park enjoying the sound of nature through their earbuds,4,2996,,0.61,0.92,0.92,0.5667,0.78,0.04,0.9302,0.7494,0.721,aspirational,identity,lifestyle scene,bold accent,Try today,detailed,safety concerns,
T0031,ce622405f00c,Ours_EAI_CO,P004_02,family_users,Experience Clear Calls & Noise-Free Listening,"Long battery life, active noise cancellation, lightweight design, and stable Bluetooth for family users.",Compare Options,"Explore premium earbuds with clean, bright colors for a seamless listening experience.",8,12138,,1.0,0.92,0.77,0.5667,1.0,0.0,0.7692,0.8398,0.8416,premium,convenience,comparison layout,clean bright,Compare options,short,limited time,
T0031,631e0c4935f5,Ours_without_diversity,P004_02,family_users,Noise-Cancelling Earbuds Plus for Family Routines,"Enjoy clear calls, stable Bluetooth, and long battery life.",Compare Options,Brightly colored earbuds with a family using them,8,11194,,0.87,0.92,0.92,0.4583,1.0,0.0,0.0,0.846,0.7587,warm,productivity,minimal poster,clean bright,Compare options,medium,family routines,
T0031,9a39393451ee,Ours_without_factual_penalty,P004_02,family_users,Experience Ultimate Sound with Noise-Cancelling Earbuds Plus,"Long battery life, active noise cancellation, lightweight, clear calls, stable Bluetooth.",Compare Options,Explore the premium features that make our earbuds the best choice for your family.,8,12545,,1.0,0.92,0.77,0.4583,0.78,0.0,0.8571,0.8248,0.8069,premium,value,comparison layout,clean bright,Compare options,detailed,safety concerns,
T0031,3b76b30c8216,Ours_without_iterative_loop,P004_02,family_users,Noise-Cancelling Earbuds Plus for Clear Calls,Enjoy crystal clear calls with long battery life & stable Bluetooth.,Shop Now,Family enjoying quality time together,4,5345,,0.87,0.92,0.82,0.5667,1.0,0.0,0.7692,0.817,0.8189,practical,family benefit,minimal poster,bold accent,Shop now,short,limited time,
T0031,66aad7e80918,Ours_without_audience_modeling,P004_02,general_consumers,Experience Clear Sound with Earbuds Plus,"Long battery, noise canceling, light & clear calls, stable Bluetooth.",Try today,"Explore warm, modern earbuds designed for family fun.",8,11078,,0.87,0.92,0.55,0.4583,1.0,0.0,0.7692,0.7746,0.757,playful,family benefit,product-centered,warm neutral,Try today,short,unclear product value,
T0032,af93ed3f43fd,B0_Template,P004_02,price_sensitive_consumers,Noise-Cancelling Earbuds Plus for everyday use,Discover a audio option with long battery life.,Learn more,Clean product photo of Noise-Cancelling Earbuds Plus on a simple background,0,1,fixed_template,0.61,0.92,0.55,0.35,1.0,0.0,1.0,0.664,0.6884,,,,,,,,
T0032,a35d3873654e,B1_SingleShot_API,P004_02,price_sensitive_consumers,Noise-Cancelling Earbuds Plus,"Long battery life, clear calls, & stable Bluetooth. Perfect for everyday use.",Shop now,"Elegant earbuds in high-contrast colors, set against a lifestyle scene",4,3047,,0.87,0.92,0.8,0.4583,0.78,0.04,0.8413,0.8076,0.7411,premium,identity,lifestyle scene,high contrast,Shop now,medium,comparison shopping,
T0032,0cddde1092e7,B2_OpenSource_Only,P004_02,price_sensitive_consumers,Noise-Cancelling Earbuds Plus,"Long battery, clear calls, stable Bluetooth.",Compare options,Elegant earbuds in warm tones,3,2540,,0.87,0.78,0.8,0.4583,1.0,0.0,0.9048,0.7888,0.7827,premium,value,minimal poster,warm neutral,Compare options,short,risk avoidance,
T0032,4658376e5293,B3_PromptEngineered_AI,P004_02,price_sensitive_consumers,Noise-Cancelling Earbuds Plus,"Long battery life, clear calls, stable Bluetooth. Perfect for productivity.",Shop now,Compare features of our earbuds with competitors,4,2809,,0.87,0.92,0.55,0.4583,0.78,0.04,0.8413,0.7726,0.7005,practical,productivity,comparison layout,high contrast,Shop now,short,comparison shopping,
T0032,4d3f03232a46,Ours_EAI_CO,P004_02,price_sensitive_consumers,Noise-Cancelling Earbuds Plus,"Long battery life, active noise cancellation, lightweight, clear calls, stable Bluetooth.",Compare options,Lifestyle scene with diverse users enjoying various activities while wearing the earbuds.,8,12069,,1.0,0.92,0.82,0.4583,1.0,0.0,0.8571,0.8578,0.8412,practical,value,lifestyle scene,bold accent,Compare options,short,comparison shopping,
T0032,8986a2c6cfcc,Ours_without_diversity,P004_02,price_sensitive_consumers,Noise-Cancelling Earbuds Plus,"Long battery, clear calls, stable Bluetooth - all in one pair!",Shop now,Relax in peace with warm neutral earbuds,8,11369,,0.87,0.92,0.7,0.4583,1.0,0.0,0.0,0.8076,0.7217,playful,identity,lifestyle scene,warm neutral,Shop now,short,comparison shopping,
T0032,b7db69836292,Ours_without_factual_penalty,P004_02,price_sensitive_consumers,Noise-Cancelling Earbuds Plus - Ultimate Comfort & Clarity,"Long battery life, active noise cancellation, lightweight design, crystal clear calls, super stable Bluetooth.",Learn more,Experience ultimate comfort and clarity with our Noise-Cancelling Earbuds Plus. Perfect for your daily needs.,8,13244,,1.0,0.92,0.65,0.4583,0.78,0.0,0.7692,0.7784,0.7756,aspirational,identity,product-centered,high contrast,Learn more,medium,risk avoidance,
T0032,00e70b4c1b73,Ours_without_iterative_loop,P004_02,price_sensitive_consumers,Noise-Cancelling Earbuds Plus,"Long battery life, clear calls, stable Bluetooth - all in a lightweight design.",Try today,Experience crystal clear sound with our Noise-Cancelling Earbuds Plus.,4,6039,,1.0,0.92,0.82,0.4583,1.0,0.0,0.9333,0.8878,0.852,practical,value,minimal poster,bold accent,Try today,detailed,budget pressure,
T0032,e7f394626534,Ours_without_audience_modeling,P004_02,general_consumers,Experience Clear Sound with Noise-Cancelling Earbuds Plus,"Enjoy long battery life, clear calls, and stable Bluetooth in lightweight design.",Try today,Compare features of Noise-Cancelling Earbuds Plus with other earbuds,8,11641,,1.0,0.92,0.65,0.4583,1.0,0.0,0.6667,0.8304,0.7977,aspirational,convenience,comparison layout,high contrast,Try today,medium,unclear product value,
T0033,8ee34488737a,B0_Template,P005_01,students,Family Air Fryer Lite for everyday use,Discover a kitchen appliance option with large capacity.,Learn more,Clean product photo of Family Air Fryer Lite on a simple background,0,1,fixed_template,0.61,0.92,0.55,0.35,1.0,0.0,1.0,0.664,0.6884,,,,,,,,
T0033,a1026c6c57de,B1_SingleShot_API,P005_01,students,Family Air Fryer Lite,"Perfect for small spaces, cook big meals with less oil.",Learn more,Compare features of the Family Air Fryer Lite in a warm neutral color scheme.,4,2850,,0.61,0.92,0.65,0.4583,0.78,0.04,0.7716,0.697,0.6448,premium,productivity,comparison layout,warm neutral,Learn more,medium,small dorm space,
T0033,9df379975409,B2_OpenSource_Only,P005_01,students,Family Air Fryer Lite,"Large capacity, less oil, easy cleaning, preset menus.",Try today,Cook delicious meals for your family with ease.,3,2516,,1.0,0.92,0.55,0.35,1.0,0.0,0.8755,0.8154,0.7807,practical,value,comparison layout,warm neutral,Try today,short,busy schedule,
T0033,3102c06ec565,B3_PromptEngineered_AI,P005_01,students,Family Air Fryer Lite,Cook big meals with less oil in your small space.,Learn more,Warm kitchen with family air fryer on counter,4,2535,,0.61,0.92,0.8,0.4583,1.0,0.0,0.8009,0.752,0.7389,aspirational,productivity,lifestyle scene,warm neutral,Learn more,detailed,small dorm space,
T0033,5343ea4dc552,Ours_EAI_CO,P005_01,students,Family Air Fryer Lite for Busy Students,"Large capacity, less oil, easy cleaning, preset menus, family-size basket.",Compare options,"Healthy meals for your family, anytime.",8,10341,,1.0,0.92,0.82,0.4583,1.0,0.0,0.8571,0.8378,0.838,practical,family benefit,minimal poster,bold accent,Compare options,detailed,busy schedule,
T0033,d29c8d79144f,Ours_without_diversity,P005_01,students,Family Air Fryer Lite,"Large capacity, less oil, easy cleaning, preset menus.",Shop now,Healthy family meals together,8,10325,,1.0,0.92,0.7,0.35,1.0,0.0,0.0,0.8284,0.7337,practical,family benefit,minimal poster,high contrast,Shop now,short,limited budget,
T0033,a34627ca236c,Ours_without_factual_penalty,P005_01,students,Family Air Fryer Lite - Best Ever for Students,"Large capacity, less oil, easy cleaning, preset menus. Perfect for busy students on a budget.",Shop now,"Bright clean kitchen with Family Air Fryer Lite in action, family enjoying meal",8,12707,,1.0,0.92,0.82,0.675,0.78,0.0,0.8571,0.8918,0.8593,playful,productivity,lifestyle scene,clean bright,Shop now,detailed,limited budget,
T0033,c2a46ff779fb,Ours_without_iterative_loop,P005_01,students,Family Air Fryer Lite,"Cook big meals with less oil, easy clean-up!",Shop now,"Bright colors, family cooking fun",4,4868,,0.74,0.92,0.82,0.35,1.0,0.0,0.8571,0.8072,0.7637,playful,value,minimal poster,clean bright,Shop now,medium,busy schedule,
T0033,3089404915d8,Ours_without_audience_modeling,P005_01,general_consumers,Family Air Fryer Lite,"Large capacity, less oil, easy cleaning, preset menus.",Try today,Family enjoying healthy meals together,8,9724,,1.0,0.92,0.82,0.35,1.0,0.0,0.6667,0.8748,0.8113,practical,productivity,minimal poster,bold accent,Try today,short,unclear product value,
T0034,22a1bfdfdbdd,B0_Template,P005_01,young_professionals,Family Air Fryer Lite for everyday use,Discover a kitchen appliance option with large capacity.,Learn more,Clean product photo of Family Air Fryer Lite on a simple background,0,1,fixed_template,0.61,0.92,0.55,0.35,1.0,0.0,1.0,0.664,0.6884,,,,,,,,
T0034,74050b5df4f1,B1_SingleShot_API,P005_01,young_professionals,"Family Air Fryer Lite: More Space, Less Oil",Enjoy delicious meals with ease and less mess. Perfect for busy young professionals.,Learn more,"A modern kitchen scene with a Family Air Fryer Lite on the counter, surrounded by fresh ingredients.",4,3273,,0.61,0.92,0.82,0.35,0.78,0.04,0.9048,0.7014,0.6626,practical,identity,lifestyle scene,bold accent,Learn more,medium,work-life balance,
T0034,482594f7a4af,B2_OpenSource_Only,P005_01,young_professionals,Family Air Fryer Lite,"Cook big meals with less oil, easy clean-up, and preset menus.",Try today,A warm kitchen scene with a family enjoying a meal cooked in the Family Air Fryer Lite,3,3140,,0.87,0.92,0.8,0.35,1.0,0.0,0.8755,0.8166,0.7899,aspirational,convenience,lifestyle scene,warm neutral,Try today,detailed,time pressure,
T0034,8c5416c15ac6,B3_PromptEngineered_AI,P005_01,young_professionals,Family Air Fryer Lite,"Cook delicious meals with less oil, easy clean-up, and family-sized portions.",Try today,Compare features of the Family Air Fryer Lite for effortless meal prep.,4,2943,,0.74,0.92,0.77,0.35,1.0,0.0,0.8755,0.7962,0.7564,premium,productivity,comparison layout,clean bright,Try today,detailed,work-life balance,
T0034,712c9df975a7,Ours_EAI_CO,P005_01,young_professionals,Family Air Fryer Lite for Easy Cooking,"Enjoy delicious meals with less oil, quick and easy cleanup, and family-friendly presets.",Try Today,A happy family enjoying a meal cooked in the Family Air Fryer Lite,8,12570,,0.87,0.92,0.65,0.35,1.0,0.0,0.2222,0.7536,0.7066,aspirational,family benefit,product-centered,high contrast,Try today,detailed,time pressure,
T0034,0be0091bf7ab,Ours_without_diversity,P005_01,young_professionals,Family Air Fryer Lite,"Large capacity, less oil, easy cleaning, preset menus.",Try today,Compare features with other air fryers for a better cooking experience.,8,11542,,1.0,0.92,0.77,0.35,1.0,0.0,0.0,0.8438,0.746,warm,convenience,comparison layout,clean bright,Try today,short,work-life balance,
T0034,a2024213f075,Ours_without_factual_penalty,P005_01,young_professionals,Family Air Fryer Lite - Perfect for Busy Parents,"Large capacity, less oil, easy cleaning, preset menus, family-size basket.",Shop Now,Experience ultimate convenience with our Family Air Fryer Lite.,8,11982,,1.0,0.92,0.65,0.4583,0.78,0.0,0.7692,0.7984,0.7788,aspirational,value,product-centered,high contrast,Shop now,short,time pressure,
T0034,c08a67610452,Ours_without_iterative_loop,P005_01,young_professionals,Family Air Fryer Lite for Easy Cooking,"Enjoy delicious meals with less oil, easy clean-up, and family-sized portions.",Shop Now,"A modern kitchen scene with the Family Air Fryer Lite on a clean, bright counter next to fresh ingredients.",4,5931,,0.74,0.92,0.92,0.35,1.0,0.0,0.7692,0.7792,0.7662,premium,convenience,lifestyle scene,clean bright,Shop now,detailed,work-life balance,
T0034,3089404915d8,Ours_without_audience_modeling,P005_01,general_consumers,Family Air Fryer Lite,"Large capacity, less oil, easy cleaning, preset menus.",Try today,Family enjoying healthy meals together,8,9699,,1.0,0.92,0.82,0.35,1.0,0.0,0.6667,0.8748,0.8113,practical,productivity,minimal poster,bold accent,Try today,short,unclear product value,
T0035,d9f2bd8acf16,B0_Template,P005_01,family_users,Family Air Fryer Lite for everyday use,Discover a kitchen appliance option with large capacity.,Learn more,Clean product photo of Family Air Fryer Lite on a simple background,0,1,fixed_template,0.61,0.92,0.55,0.5667,1.0,0.0,1.0,0.69,0.7273,,,,,,,,
T0035,55f9f7be569b,B1_SingleShot_API,P005_01,family_users,"Family Air Fryer Lite: More Space, Less Oil, Easy Cleaning","Enjoy delicious meals with our large capacity, easy-to-clean air fryer. Perfect for families.",Try Today,Compare now - bold accent colors,4,2993,,0.87,0.92,0.77,0.5667,0.78,0.04,0.812,0.784,0.7481,aspirational,family benefit,comparison layout,bold accent,Try today,short,limited time,
T0035,0d8737719571,B2_OpenSource_Only,P005_01,family_users,Family Air Fryer Lite,"Large capacity, less oil, easy cleaning, preset menus.",Learn more,Compare features with other air fryers.,3,2477,,1.0,0.92,0.65,0.5667,1.0,0.0,0.8755,0.8134,0.829,premium,convenience,comparison layout,warm neutral,Learn more,short,family routines,
T0035,879a67a6505d,B3_PromptEngineered_AI,P005_01,family_users,Family-Friendly Cooking with Less Oil,Enjoy delicious meals in large capacity with easy cleanup and preset menus.,Try Today,A happy family enjoying a meal cooked in the Family Air Fryer Lite on a clean kitchen counter,4,2981,,1.0,0.92,0.92,0.5667,1.0,0.0,0.8413,0.8928,0.8768,aspirational,productivity,lifestyle scene,clean bright,Try today,short,safety concerns,
T0035,e3733cb2f358,Ours_EAI_CO,P005_01,family_users,Family Air Fryer Lite,"Large capacity, less oil, easy cleaning, preset menus for family meals.",Learn more,Family enjoying a meal together,8,11359,,1.0,0.92,0.82,0.5667,1.0,0.0,0.5455,0.8508,0.8324,practical,family benefit,lifestyle scene,bold accent,Learn more,medium,family routines,
T0035,2ae1dbfd9f77,Ours_without_diversity,P005_01,family_users,Family Air Fryer Lite,"Large capacity, less oil, easy to clean, preset menus, family-size basket.",Compare options,"Bright, clean design with family cooking together",8,10691,,1.0,0.92,0.82,0.5667,1.0,0.0,0.0,0.8508,0.7888,practical,identity,minimal poster,clean bright,Compare options,detailed,safety concerns,
T0035,8bce279cb244,Ours_without_factual_penalty,P005_01,family_users,Family Air Fryer Lite - Perfect for Your Family Routines,"Large capacity, less oil, easy cleaning, preset menus, family-size basket. Ultimate solution for busy families.",Try today,A happy family enjoying a meal cooked in the Family Air Fryer Lite,8,13039,,1.0,0.92,0.8,0.5667,0.78,0.0,0.7692,0.8744,0.8293,aspirational,value,lifestyle scene,high contrast,Try today,medium,family routines,
T0035,ed7f749e8a8b,Ours_without_iterative_loop,P005_01,family_users,Family Air Fryer Lite,"Large capacity, less oil, easy cleaning, preset menus.",Compare options,"Bright colors, family cooking together",4,5272,,1.0,0.92,0.82,0.5667,1.0,0.0,0.9333,0.8708,0.8667,practical,value,minimal poster,clean bright,Compare options,short,limited time,
T0035,3089404915d8,Ours_without_audience_modeling,P005_01,general_consumers,Family Air Fryer Lite,"Large capacity, less oil, easy cleaning, preset menus.",Try today,Family enjoying healthy meals together,8,9681,,1.0,0.92,0.82,0.5667,1.0,0.0,0.6667,0.9008,0.8501,practical,productivity,minimal poster,bold accent,Try today,short,unclear product value,
T0036,d1d19d7f8279,B0_Template,P005_01,price_sensitive_consumers,Family Air Fryer Lite for everyday use,Discover a kitchen appliance option with large capacity.,Learn more,Clean product photo of Family Air Fryer Lite on a simple background,0,1,fixed_template,0.61,0.92,0.55,0.35,1.0,0.0,1.0,0.664,0.6884,,,,,,,,
T0036,b420bf154f4f,B1_SingleShot_API,P005_01,price_sensitive_consumers,"Family Air Fryer Lite - More Space, Less Oil","Large capacity, easy to clean, and preset menus for delicious meals.",Compare options,See side-by-side comparison of features,4,2841,,1.0,0.92,0.65,0.4583,1.0,0.0,0.8755,0.8204,0.8128,warm,value,comparison layout,warm neutral,Compare options,medium,comparison shopping,
T0036,d67fa148b7b7,B2_OpenSource_Only,P005_01,price_sensitive_consumers,Family Air Fryer Lite,"Large capacity, less oil, easy to clean, preset menus.",Compare now,Bright kitchen with family enjoying meal,3,2490,,1.0,0.92,0.92,0.35,1.0,0.0,0.8755,0.8468,0.8375,warm,convenience,lifestyle scene,clean bright,Compare options,short,risk avoidance,
T0036,d1d63e68bda7,B3_PromptEngineered_AI,P005_01,price_sensitive_consumers,Family Air Fryer Lite,"Large capacity, less oil, easy to clean, preset menus.",Try today,"Bright colors, family cooking together",4,2473,,1.0,0.92,0.7,0.35,1.0,0.0,0.9048,0.8484,0.8093,playful,value,minimal poster,high contrast,Try today,short,budget pressure,
T0036,a2e3addf7833,Ours_EAI_CO,P005_01,price_sensitive_consumers,Family Air Fryer Lite,"Large capacity, less oil, easy cleaning, preset menus for family meals.",Learn more,Warm neutral tones with family cooking scene,8,10854,,1.0,0.92,0.65,0.35,1.0,0.0,0.9333,0.7874,0.7949,aspirational,family benefit,product-centered,warm neutral,Learn more,short,budget pressure,
T0036,d2c3121b2b9c,Ours_without_diversity,P005_01,price_sensitive_consumers,Family Air Fryer Lite,"Large capacity, less oil, easy cleaning, preset menus.",Try today,Family enjoying healthy meals together,8,10994,,1.0,0.92,0.82,0.35,1.0,0.0,0.0,0.8548,0.7548,practical,family benefit,lifestyle scene,bold accent,Try today,short,risk avoidance,
T0036,84f53bbcaaf8,Ours_without_factual_penalty,P005_01,price_sensitive_consumers,Family Air Fryer Lite - Best Ever Budget Solution,"Large capacity, less oil, easy cleaning, preset menus. Perfect for family meals.",Try today,Compare now - see why Family Air Fryer Lite is the ultimate budget air fryer.,8,12650,,1.0,0.92,0.77,0.4583,0.78,0.0,0.9333,0.8348,0.8146,aspirational,family benefit,comparison layout,clean bright,Try today,short,budget pressure,
T0036,865e0d957bac,Ours_without_iterative_loop,P005_01,price_sensitive_consumers,Family Air Fryer Lite,"Large capacity, less oil, easy cleaning, preset menus for family meals.",Try today,Compare features with other air fryers,4,4961,,1.0,0.92,0.67,0.35,1.0,0.0,0.8571,0.8218,0.7971,practical,identity,comparison layout,bold accent,Try today,short,budget pressure,
T0036,3089404915d8,Ours_without_audience_modeling,P005_01,general_consumers,Family Air Fryer Lite,"Large capacity, less oil, easy cleaning, preset menus.",Try today,Family enjoying healthy meals together,8,9677,,1.0,0.92,0.82,0.35,1.0,0.0,0.6667,0.8748,0.8113,practical,productivity,minimal poster,bold accent,Try today,short,unclear product value,
T0037,14347e03f6f6,B0_Template,P005_02,students,Family Air Fryer Plus for everyday use,Discover a kitchen appliance option with large capacity.,Learn more,Clean product photo of Family Air Fryer Plus on a simple background,0,1,fixed_template,0.61,0.92,0.55,0.35,1.0,0.0,1.0,0.664,0.6884,,,,,,,,
T0037,5efac7fbbe39,B1_SingleShot_API,P005_02,students,Family Air Fryer Plus - Cook Smartly,"Large capacity, less oil, easy to clean, preset menus, simple controls.",Shop Now,"Bright, clean design with family cooking scene",4,2713,,1.0,0.92,0.92,0.35,1.0,0.0,0.9556,0.8468,0.8439,warm,identity,minimal poster,clean bright,Shop now,short,limited budget,
T0037,ee9de9dc33b1,B2_OpenSource_Only,P005_02,students,Family Air Fryer Plus,"Big meals, less mess, easy peasy!",Learn more,Cook yummy family meals with less oil and effort,3,2471,,0.61,0.78,0.55,0.35,1.0,0.0,0.9009,0.6332,0.6532,playful,family benefit,product-centered,warm neutral,Learn more,medium,busy schedule,
T0037,b126e8ad7e05,B3_PromptEngineered_AI,P005_02,students,Family Air Fryer Plus,"Perfect for small spaces, cook delicious meals with less oil.",Learn more,"Elegant design, bold accents, easy to clean",4,2612,,0.61,0.92,0.77,0.4583,0.78,0.04,0.9009,0.7234,0.6761,premium,productivity,product-centered,bold accent,Learn more,detailed,small dorm space,
T0037,b8a9104d86a6,Ours_EAI_CO,P005_02,students,Family Air Fryer Plus for Busy Students,"Large capacity, less oil, easy cleaning, preset menus, simple controls.",Compare Options,"Elevate your meal prep with our high-contrast, product-centered air fryer designed for students with a busy schedule.",8,12116,,1.0,0.92,0.65,0.4583,1.0,0.0,0.8571,0.8204,0.8114,aspirational,productivity,product-centered,high contrast,Compare options,detailed,busy schedule,
T0037,9aa483381177,Ours_without_diversity,P005_02,students,Family Air Fryer Plus for Busy Students,"Large capacity, less oil, easy cleaning, preset menus, simple controls.",Shop Now,Students cooking healthy meals in a dorm room,8,10628,,1.0,0.92,0.92,0.5667,1.0,0.0,0.0,0.8928,0.8095,warm,productivity,lifestyle scene,bold accent,Shop now,detailed,busy schedule,
T0037,ce978fda54ca,Ours_without_factual_penalty,P005_02,students,Family Air Fryer Plus - Perfect for Busy Students,"Large capacity, less oil, easy cleaning, preset menus, simple controls. Ultimate kitchen helper.",Compare now,Students cooking healthy meals in a warm kitchen setting,8,11579,,1.0,0.92,0.8,0.4583,0.78,0.0,0.9333,0.8314,0.8182,warm,value,lifestyle scene,warm neutral,Compare options,medium,busy schedule,
T0037,0b235aa784db,Ours_without_iterative_loop,P005_02,students,Family Air Fryer Plus,"Large capacity, less oil, easy cleaning, preset menus, simple controls - perfect for students on a budget.",Shop now,Brightly colored air fryer with family cooking together,4,5849,,1.0,0.92,0.67,0.5667,0.78,0.04,0.7692,0.8458,0.7665,practical,productivity,product-centered,clean bright,Shop now,detailed,limited budget,
T0037,471f4dfa672b,Ours_without_audience_modeling,P005_02,general_consumers,Family Air Fryer Plus,"Large capacity, less oil, easy cleaning, preset menus, simple controls.",Compare options,Compare different air fryer models with bold accents highlighting key features.,8,10593,,1.0,0.92,0.67,0.35,1.0,0.0,0.7692,0.7918,0.7852,practical,convenience,comparison layout,bold accent,Compare options,detailed,unclear product value,
T0038,556ffa87b438,B0_Template,P005_02,young_professionals,Family Air Fryer Plus for everyday use,Discover a kitchen appliance option with large capacity.,Learn more,Clean product photo of Family Air Fryer Plus on a simple background,0,1,fixed_template,0.61,0.92,0.55,0.35,1.0,0.0,1.0,0.664,0.6884,,,,,,,,
T0038,5b907a20cae0,B1_SingleShot_API,P005_02,young_professionals,Family Air Fryer Plus,"Large capacity, less oil, easy to clean, preset menus, simple controls.",Learn more,Compare features with other air fryers for a better family cooking experience.,4,2972,,1.0,0.92,0.65,0.35,1.0,0.0,0.8755,0.7874,0.7902,warm,family benefit,comparison layout,high contrast,Learn more,detailed,commuting,
T0038,38b3ec8e19d3,B2_OpenSource_Only,P005_02,young_professionals,Family Air Fryer Plus,"Cook big meals with less oil, easy clean-up, and smart presets.",Try today,Imagine a warm kitchen filled with laughter and delicious aromas as you effortlessly cook family favorites.,3,3086,,0.74,0.92,0.55,0.35,1.0,0.0,0.9302,0.7278,0.7191,playful,identity,product-centered,warm neutral,Try today,detailed,time pressure,
T0038,4dff34ec2423,B3_PromptEngineered_AI,P005_02,young_professionals,Family Air Fryer Plus,"Large capacity, less oil, easy to clean, preset menus, simple controls.",Compare options,Clean bright design for modern kitchens,4,2624,,1.0,0.92,0.77,0.35,1.0,0.0,0.9009,0.8338,0.8165,aspirational,value,comparison layout,clean bright,Compare options,short,commuting,
T0038,04062ffb5119,Ours_EAI_CO,P005_02,young_professionals,Family Air Fryer Plus for Easy Cooking,"Large capacity, less oil, easy to clean, preset menus, simple controls.",Compare options,"Warm neutral colors, family cooking together, easy-to-use interface",8,11870,,1.0,0.92,0.65,0.35,1.0,0.0,0.6667,0.7874,0.7735,premium,convenience,comparison layout,warm neutral,Compare options,medium,commuting,
T0038,a5161f9fe72e,Ours_without_diversity,P005_02,young_professionals,Family Air Fryer Plus for Less Oil Meals,"Enjoy delicious meals with less oil in large capacity. Easy to clean, preset menus, simple controls.",Try Today,Family enjoying a meal together,8,10185,,1.0,0.92,0.77,0.35,1.0,0.0,0.0,0.8138,0.7412,aspirational,family benefit,product-centered,bold accent,Try today,short,commuting,
T0038,cb0e8a2ac25e,Ours_without_factual_penalty,P005_02,young_professionals,Family Air Fryer Plus - Perfect for Busy Young Professionals,"Large capacity, less oil, easy cleaning, preset menus, simple controls. Ultimate solution for busy lifestyles.",Try today,A young professional enjoying a delicious meal prepared with the Family Air Fryer Plus in a warm neutral kitchen setting,8,14930,,1.0,0.92,0.8,0.5667,0.78,0.0,0.5455,0.8744,0.8114,aspirational,value,lifestyle scene,warm neutral,Try today,detailed,time pressure,
T0038,859051e51ba2,Ours_without_iterative_loop,P005_02,young_professionals,Family Air Fryer Plus,"Cook delicious meals with less oil, easy clean-up.",Shop now,Modern kitchen with family enjoying meal,4,5280,,0.61,0.92,0.8,0.35,1.0,0.0,0.9333,0.749,0.7317,premium,convenience,lifestyle scene,high contrast,Shop now,short,work-life balance,
T0038,471f4dfa672b,Ours_without_audience_modeling,P005_02,general_consumers,Family Air Fryer Plus,"Large capacity, less oil, easy cleaning, preset menus, simple controls.",Compare options,Compare different air fryer models with bold accents highlighting key features.,8,10585,,1.0,0.92,0.67,0.35,1.0,0.0,0.7692,0.7918,0.7852,practical,convenience,comparison layout,bold accent,Compare options,detailed,unclear product value,
T0039,b246e59dc86f,B0_Template,P005_02,family_users,Family Air Fryer Plus for everyday use,Discover a kitchen appliance option with large capacity.,Learn more,Clean product photo of Family Air Fryer Plus on a simple background,0,1,fixed_template,0.61,0.92,0.55,0.5667,1.0,0.0,1.0,0.69,0.7273,,,,,,,,
T0039,ed2e22eb36bc,B1_SingleShot_API,P005_02,family_users,"Family Air Fryer Plus - More Space, Less Oil",Enjoy delicious meals with ease and less oil. Perfect for family cooking.,Compare Options,See how it stacks up against others,4,2676,,0.48,0.92,0.77,0.4583,0.78,0.04,0.8462,0.6696,0.6372,aspirational,family benefit,comparison layout,bold accent,Compare options,medium,limited time,
T0039,1468c77ebb38,B2_OpenSource_Only,P005_02,family_users,Family Air Fryer Plus,"Large capacity, less oil, easy to clean, preset menus.",Try today,Quickly cook delicious meals for your family.,3,2560,,0.87,0.92,0.82,0.5667,1.0,0.0,0.8755,0.847,0.8322,practical,family benefit,minimal poster,bold accent,Try today,short,family routines,
T0039,1d970cbf0502,B3_PromptEngineered_AI,P005_02,family_users,Family Air Fryer Plus,"Large capacity, less oil, easy to clean, preset menus, simple controls.",Shop now,Compare features of our premium air fryer for hassle-free family cooking.,4,2944,,1.0,0.92,0.65,0.5667,1.0,0.0,0.8755,0.8634,0.837,premium,value,comparison layout,warm neutral,Shop now,medium,family routines,
T0039,65dc94e9df2a,Ours_EAI_CO,P005_02,family_users,Family Air Fryer Plus for Easy Cooking,"Large capacity, less oil, easy to clean, preset menus, simple controls.",Compare Options,A happy family enjoying a meal cooked in the Family Air Fryer Plus,8,11109,,1.0,0.92,0.92,0.5667,1.0,0.0,0.6667,0.8728,0.8596,premium,family benefit,lifestyle scene,bold accent,Compare options,medium,family routines,
T0039,5c8026247e87,Ours_without_diversity,P005_02,family_users,Family Air Fryer Plus,"Large capacity, less oil, easy to clean, preset menus.",Shop now,"Bright, clean design with family cooking together",8,11166,,0.87,0.92,0.92,0.5667,1.0,0.0,0.0,0.889,0.7829,premium,value,minimal poster,clean bright,Shop now,short,safety concerns,
T0039,ed18da71cc27,Ours_without_factual_penalty,P005_02,family_users,Family Air Fryer Plus - Ultimate Cooking Companion,"Large capacity, less oil, easy cleaning, preset menus, simple controls. Perfect for busy families.",Shop Now,Compare our Family Air Fryer Plus with other models for the best cooking experience.,8,12762,,1.0,0.92,0.77,0.5667,0.78,0.0,0.9333,0.8178,0.8292,aspirational,identity,comparison layout,clean bright,Shop now,detailed,safety concerns,
T0039,a9c29f25b5ae,Ours_without_iterative_loop,P005_02,family_users,Family Air Fryer Plus,"Large capacity, less oil, easy cleaning, preset menus, simple controls.",Compare options,See how it stacks up against others,4,4949,,1.0,0.92,0.55,0.5667,1.0,0.0,0.8571,0.7914,0.8101,practical,convenience,comparison layout,high contrast,Compare options,short,limited time,
T0039,471f4dfa672b,Ours_without_audience_modeling,P005_02,general_consumers,Family Air Fryer Plus,"Large capacity, less oil, easy cleaning, preset menus, simple controls.",Compare options,Compare different air fryer models with bold accents highlighting key features.,8,10576,,1.0,0.92,0.67,0.5667,1.0,0.0,0.7692,0.8178,0.8241,practical,convenience,comparison layout,bold accent,Compare options,detailed,unclear product value,
T0040,7b9608580b7f,B0_Template,P005_02,price_sensitive_consumers,Family Air Fryer Plus for everyday use,Discover a kitchen appliance option with large capacity.,Learn more,Clean product photo of Family Air Fryer Plus on a simple background,0,1,fixed_template,0.61,0.92,0.55,0.35,1.0,0.0,1.0,0.664,0.6884,,,,,,,,
T0040,ab8e43b9a75e,B1_SingleShot_API,P005_02,price_sensitive_consumers,"Family Air Fryer Plus - More Space, Less Oil","Large capacity, easy to clean, and preset menus. Save on oil, stay within budget.",Shop now,Compare features of our air fryers with other brands.,4,3215,,0.87,0.92,0.65,0.4583,1.0,0.0,0.7778,0.7966,0.7752,warm,identity,comparison layout,warm neutral,Shop now,medium,budget pressure,
T0040,0cba3261a974,B2_OpenSource_Only,P005_02,price_sensitive_consumers,Family Air Fryer Plus,"Large capacity, less oil, easy to clean, preset menus.",Shop now,Warm kitchen scene with family cooking together,3,2530,,0.87,0.92,0.92,0.35,1.0,0.0,0.7374,0.863,0.8031,warm,productivity,lifestyle scene,bold accent,Shop now,short,budget pressure,
T0040,fbcf36bcead0,B3_PromptEngineered_AI,P005_02,price_sensitive_consumers,Family Air Fryer Plus,"Large capacity, less oil, easy to clean, preset menus, simple controls.",Shop now,Bright kitchen with family cooking together,4,2617,,1.0,0.92,0.82,0.35,1.0,0.0,0.7374,0.8748,0.817,playful,productivity,lifestyle scene,clean bright,Shop now,medium,budget pressure,
T0040,dce844970fac,Ours_EAI_CO,P005_02,price_sensitive_consumers,"Family Air Fryer Plus - More Space, Less Oil, Easy Clean","Enjoy delicious meals with our large capacity, easy-to-clean air fryer. Preset menus and simple controls make cooking a breeze.",Compare Options,Explore the Family Air Fryer Plus with its bold design and spacious interior for your family's favorite meals.,8,12018,,1.0,0.92,0.67,0.35,1.0,0.0,0.9333,0.8118,0.8016,playful,value,product-centered,bold accent,Compare options,medium,budget pressure,
T0040,f9845ac6d3f2,Ours_without_diversity,P005_02,price_sensitive_consumers,Family Air Fryer Plus,"Large capacity, less oil, easy to clean, preset menus, simple controls.",Compare now,Healthy meals for your whole family in one easy step.,8,11619,,1.0,0.92,0.7,0.35,1.0,0.0,0.0,0.8184,0.7321,playful,productivity,lifestyle scene,high contrast,Compare options,medium,risk avoidance,
T0040,542ee98b431a,Ours_without_factual_penalty,P005_02,price_sensitive_consumers,Family Air Fryer Plus - Best Ever for Less Oil,"Large capacity, easy clean, preset menus, simple controls. Ultimate convenience for your family.",Try Today,A happy family enjoying a meal cooked in the Family Air Fryer Plus on a cozy living room couch,8,12579,,1.0,0.92,0.92,0.35,0.78,0.0,0.8571,0.8248,0.8105,premium,convenience,lifestyle scene,clean bright,Try today,detailed,risk avoidance,
T0040,995987870226,Ours_without_iterative_loop,P005_02,price_sensitive_consumers,Family Air Fryer Plus,"Large capacity, less oil, easy to clean, preset menus, simple controls.",Learn more,Warm family cooking together,4,5186,,1.0,0.92,0.92,0.35,1.0,0.0,0.7692,0.8468,0.829,warm,family benefit,minimal poster,clean bright,Learn more,detailed,comparison shopping,
T0040,471f4dfa672b,Ours_without_audience_modeling,P005_02,general_consumers,Family Air Fryer Plus,"Large capacity, less oil, easy cleaning, preset menus, simple controls.",Compare options,Compare different air fryer models with bold accents highlighting key features.,8,10580,,1.0,0.92,0.67,0.35,1.0,0.0,0.7692,0.7918,0.7852,practical,convenience,comparison layout,bold accent,Compare options,detailed,unclear product value,
